"Id","Path","Slice Name","Alias(s)","Label","Min","Max","Must Support?","Is Modifier?","Is Summary?","Type(s)","Short","Definition","Comments","Requirements","Default Value","Meaning When Missing","Fixed Value","Pattern","Example","Minimum Value","Maximum Value","Maximum Length","Binding Strength","Binding Description","Binding Value Set","Code","Slicing Discriminator","Slicing Description","Slicing Ordered","Slicing Rules","Base Path","Base Min","Base Max","Condition(s)","Constraint(s)"
"inera-ehds-lm-referral-outcome","inera-ehds-lm-referral-outcome","","","",0,*,"","","","null {[]} {[]}
","GetReferralOutcome","Logisk modell för tjänstekontraktet GetReferralOutcome
(RIV-TA urn:riv:clinicalprocess:healthcond:actoutcome:GetReferralOutcome:3).
Representerar responsens informationsstruktur — svar på konsultationsremiss
och begäran om övertagande av vårdansvar. Meddelandeformatet är kompatibelt
med HL7v3 CDA v.2.","","","","","","","","","",,,,,"",,,,"Base",0,*,"",""
"inera-ehds-lm-referral-outcome.referralOutcome","inera-ehds-lm-referral-outcome.referralOutcome","","","",0,*,"","","","BackboneElement {[]} {[]}
","Remissvar (ett per remiss)","Remissvar (ett per remiss)","","","","","","","","","",,,,,"",,,,"inera-ehds-lm-referral-outcome.referralOutcome",0,*,"","ele-1:All FHIR elements must have a @value or children {hasValue() or (children().count() > id.count())}
"
"inera-ehds-lm-referral-outcome.referralOutcome.id","inera-ehds-lm-referral-outcome.referralOutcome.id","","","",0,1,"","","","string {[]} {[]}
","Unique id for inter-element referencing","Unique id for the element within a resource (for internal references). This may be any string value that does not contain spaces.","","","","","","","","","",,,,,"",,,,"Element.id",0,1,"",""
"inera-ehds-lm-referral-outcome.referralOutcome.extension","inera-ehds-lm-referral-outcome.referralOutcome.extension","","extensions
user content","",0,*,"","","","Extension {[]} {[]}
","Additional content defined by implementations","May be used to represent additional information that is not part of the basic definition of the element. To make the use of extensions safe and manageable, there is a strict set of governance  applied to the definition and use of extensions. Though any implementer can define an extension, there is a set of requirements that SHALL be met as part of the definition of the extension.","There can be no stigma associated with the use of extensions by any application, project, or standard - regardless of the institution or jurisdiction that uses or defines the extensions.  The use of extensions is what allows the FHIR specification to retain a core level of simplicity for everyone.","","","","","","","","",,,,,"","value:url}
","Extensions are always sliced by (at least) url",,"open","Element.extension",0,*,"","ele-1:All FHIR elements must have a @value or children {hasValue() or (children().count() > id.count())}
ext-1:Must have either extensions or value[x], not both {extension.exists() != value.exists()}"
"inera-ehds-lm-referral-outcome.referralOutcome.modifierExtension","inera-ehds-lm-referral-outcome.referralOutcome.modifierExtension","","extensions
user contentmodifiers","",0,*,"","Y","Y","Extension {[]} {[]}
","Extensions that cannot be ignored even if unrecognized","May be used to represent additional information that is not part of the basic definition of the element and that modifies the understanding of the element in which it is contained and/or the understanding of the containing element's descendants. Usually modifier elements provide negation or qualification. To make the use of extensions safe and manageable, there is a strict set of governance applied to the definition and use of extensions. Though any implementer can define an extension, there is a set of requirements that SHALL be met as part of the definition of the extension. Applications processing a resource are required to check for modifier extensions.

Modifier extensions SHALL NOT change the meaning of any elements on Resource or DomainResource (including cannot change the meaning of modifierExtension itself).","There can be no stigma associated with the use of extensions by any application, project, or standard - regardless of the institution or jurisdiction that uses or defines the extensions.  The use of extensions is what allows the FHIR specification to retain a core level of simplicity for everyone.","Modifier extensions allow for extensions that *cannot* be safely ignored to be clearly distinguished from the vast majority of extensions which can be safely ignored.  This promotes interoperability by eliminating the need for implementers to prohibit the presence of extensions. For further information, see the [definition of modifier extensions](http://hl7.org/fhir/R4/extensibility.html#modifierExtension).","","","","","","","",,,,,"",,,,"BackboneElement.modifierExtension",0,*,"","ele-1:All FHIR elements must have a @value or children {hasValue() or (children().count() > id.count())}
ext-1:Must have either extensions or value[x], not both {extension.exists() != value.exists()}"
"inera-ehds-lm-referral-outcome.referralOutcome.referralOutcomeHeader","inera-ehds-lm-referral-outcome.referralOutcome.referralOutcomeHeader","","","",1,1,"","","","BackboneElement {[]} {[]}
","PatientSummaryHeader","PatientSummaryHeader","","","","","","","","","",,,,,"",,,,"inera-ehds-lm-referral-outcome.referralOutcome.referralOutcomeHeader",1,1,"","ele-1:All FHIR elements must have a @value or children {hasValue() or (children().count() > id.count())}
"
"inera-ehds-lm-referral-outcome.referralOutcome.referralOutcomeHeader.id","inera-ehds-lm-referral-outcome.referralOutcome.referralOutcomeHeader.id","","","",0,1,"","","","string {[]} {[]}
","Unique id for inter-element referencing","Unique id for the element within a resource (for internal references). This may be any string value that does not contain spaces.","","","","","","","","","",,,,,"",,,,"Element.id",0,1,"",""
"inera-ehds-lm-referral-outcome.referralOutcome.referralOutcomeHeader.extension","inera-ehds-lm-referral-outcome.referralOutcome.referralOutcomeHeader.extension","","extensions
user content","",0,*,"","","","Extension {[]} {[]}
","Additional content defined by implementations","May be used to represent additional information that is not part of the basic definition of the element. To make the use of extensions safe and manageable, there is a strict set of governance  applied to the definition and use of extensions. Though any implementer can define an extension, there is a set of requirements that SHALL be met as part of the definition of the extension.","There can be no stigma associated with the use of extensions by any application, project, or standard - regardless of the institution or jurisdiction that uses or defines the extensions.  The use of extensions is what allows the FHIR specification to retain a core level of simplicity for everyone.","","","","","","","","",,,,,"","value:url}
","Extensions are always sliced by (at least) url",,"open","Element.extension",0,*,"","ele-1:All FHIR elements must have a @value or children {hasValue() or (children().count() > id.count())}
ext-1:Must have either extensions or value[x], not both {extension.exists() != value.exists()}"
"inera-ehds-lm-referral-outcome.referralOutcome.referralOutcomeHeader.modifierExtension","inera-ehds-lm-referral-outcome.referralOutcome.referralOutcomeHeader.modifierExtension","","extensions
user contentmodifiers","",0,*,"","Y","Y","Extension {[]} {[]}
","Extensions that cannot be ignored even if unrecognized","May be used to represent additional information that is not part of the basic definition of the element and that modifies the understanding of the element in which it is contained and/or the understanding of the containing element's descendants. Usually modifier elements provide negation or qualification. To make the use of extensions safe and manageable, there is a strict set of governance applied to the definition and use of extensions. Though any implementer can define an extension, there is a set of requirements that SHALL be met as part of the definition of the extension. Applications processing a resource are required to check for modifier extensions.

Modifier extensions SHALL NOT change the meaning of any elements on Resource or DomainResource (including cannot change the meaning of modifierExtension itself).","There can be no stigma associated with the use of extensions by any application, project, or standard - regardless of the institution or jurisdiction that uses or defines the extensions.  The use of extensions is what allows the FHIR specification to retain a core level of simplicity for everyone.","Modifier extensions allow for extensions that *cannot* be safely ignored to be clearly distinguished from the vast majority of extensions which can be safely ignored.  This promotes interoperability by eliminating the need for implementers to prohibit the presence of extensions. For further information, see the [definition of modifier extensions](http://hl7.org/fhir/R4/extensibility.html#modifierExtension).","","","","","","","",,,,,"",,,,"BackboneElement.modifierExtension",0,*,"","ele-1:All FHIR elements must have a @value or children {hasValue() or (children().count() > id.count())}
ext-1:Must have either extensions or value[x], not both {extension.exists() != value.exists()}"
"inera-ehds-lm-referral-outcome.referralOutcome.referralOutcomeHeader.documentId","inera-ehds-lm-referral-outcome.referralOutcome.referralOutcomeHeader.documentId","","","",1,1,"","","","string {[]} {[]}
","Dokumentets unika id","Dokumentets unika id","","","","","","","","","",,,,,"",,,,"inera-ehds-lm-referral-outcome.referralOutcome.referralOutcomeHeader.documentId",1,1,"",""
"inera-ehds-lm-referral-outcome.referralOutcome.referralOutcomeHeader.sourceSystemHSAId","inera-ehds-lm-referral-outcome.referralOutcome.referralOutcomeHeader.sourceSystemHSAId","","","",1,1,"","","","Identifier {[]} {[]}
","Källsystemets HSA-id","Källsystemets HSA-id","","","","","","","","","",,,,,"",,,,"inera-ehds-lm-referral-outcome.referralOutcome.referralOutcomeHeader.sourceSystemHSAId",1,1,"",""
"inera-ehds-lm-referral-outcome.referralOutcome.referralOutcomeHeader.documentTitle","inera-ehds-lm-referral-outcome.referralOutcome.referralOutcomeHeader.documentTitle","","","",0,1,"","","","string {[]} {[]}
","Dokumentets titel","Dokumentets titel","","","","","","","","","",,,,,"",,,,"inera-ehds-lm-referral-outcome.referralOutcome.referralOutcomeHeader.documentTitle",0,1,"",""
"inera-ehds-lm-referral-outcome.referralOutcome.referralOutcomeHeader.documentTime","inera-ehds-lm-referral-outcome.referralOutcome.referralOutcomeHeader.documentTime","","","",1,1,"","","","instant {[]} {[]}
","Dokumentets tidpunkt","Dokumentets tidpunkt","","","","","","","","","",,,,,"",,,,"inera-ehds-lm-referral-outcome.referralOutcome.referralOutcomeHeader.documentTime",1,1,"",""
"inera-ehds-lm-referral-outcome.referralOutcome.referralOutcomeHeader.patientId","inera-ehds-lm-referral-outcome.referralOutcome.referralOutcomeHeader.patientId","","","",1,1,"","","","Identifier {[]} {[]}
","Patientens id","Patientens id","","","","","","","","","",,,,,"",,,,"inera-ehds-lm-referral-outcome.referralOutcome.referralOutcomeHeader.patientId",1,1,"","ele-1:All FHIR elements must have a @value or children {hasValue() or (children().count() > id.count())}
"
"inera-ehds-lm-referral-outcome.referralOutcome.referralOutcomeHeader.patientId.id","inera-ehds-lm-referral-outcome.referralOutcome.referralOutcomeHeader.patientId.id","","","",0,1,"","","","string {[]} {[]}
","Unique id for inter-element referencing","Unique id for the element within a resource (for internal references). This may be any string value that does not contain spaces.","","","","","","","","","",,,,,"",,,,"Element.id",0,1,"",""
"inera-ehds-lm-referral-outcome.referralOutcome.referralOutcomeHeader.patientId.extension","inera-ehds-lm-referral-outcome.referralOutcome.referralOutcomeHeader.patientId.extension","","extensions
user content","",0,*,"","","","Extension {[]} {[]}
","Additional content defined by implementations","May be used to represent additional information that is not part of the basic definition of the element. To make the use of extensions safe and manageable, there is a strict set of governance  applied to the definition and use of extensions. Though any implementer can define an extension, there is a set of requirements that SHALL be met as part of the definition of the extension.","There can be no stigma associated with the use of extensions by any application, project, or standard - regardless of the institution or jurisdiction that uses or defines the extensions.  The use of extensions is what allows the FHIR specification to retain a core level of simplicity for everyone.","","","","","","","","",,,,,"","value:url}
","Extensions are always sliced by (at least) url",,"open","Element.extension",0,*,"","ele-1:All FHIR elements must have a @value or children {hasValue() or (children().count() > id.count())}
ext-1:Must have either extensions or value[x], not both {extension.exists() != value.exists()}"
"inera-ehds-lm-referral-outcome.referralOutcome.referralOutcomeHeader.patientId.use","inera-ehds-lm-referral-outcome.referralOutcome.referralOutcomeHeader.patientId.use","","","",0,1,"","Y","Y","code {[]} {[]}
","usual | official | temp | secondary | old (If known)","The purpose of this identifier.","Applications can assume that an identifier is permanent unless it explicitly says that it is temporary.","Allows the appropriate identifier for a particular context of use to be selected from among a set of identifiers.","","","","","","","",,"required","Identifies the purpose for this identifier, if known .","http://hl7.org/fhir/ValueSet/identifier-use|4.0.1","",,,,"Identifier.use",0,1,"","ele-1:All FHIR elements must have a @value or children {hasValue() or (children().count() > id.count())}
"
"inera-ehds-lm-referral-outcome.referralOutcome.referralOutcomeHeader.patientId.type","inera-ehds-lm-referral-outcome.referralOutcome.referralOutcomeHeader.patientId.type","","","",0,1,"","","Y","CodeableConcept {[]} {[]}
","Description of identifier","A coded type for the identifier that can be used to determine which identifier to use for a specific purpose.","This element deals only with general categories of identifiers.  It SHOULD not be used for codes that correspond 1..1 with the Identifier.system. Some identifiers may fall into multiple categories due to common usage.   Where the system is known, a type is unnecessary because the type is always part of the system definition. However systems often need to handle identifiers where the system is not known. There is not a 1:1 relationship between type and system, since many different systems have the same type.","Allows users to make use of identifiers when the identifier system is not known.","","","","","","","",,"extensible","A coded type for an identifier that can be used to determine which identifier to use for a specific purpose.","http://hl7.org/fhir/ValueSet/identifier-type|4.0.1","",,,,"Identifier.type",0,1,"","ele-1:All FHIR elements must have a @value or children {hasValue() or (children().count() > id.count())}
"
"inera-ehds-lm-referral-outcome.referralOutcome.referralOutcomeHeader.patientId.system","inera-ehds-lm-referral-outcome.referralOutcome.referralOutcomeHeader.patientId.system","","","",1,1,"","","Y","uri {[]} {[]}
","OID för typ av identifierare (t.ex. urn:oid:1.2.752.129.2.1.3.1)","OID för typ av identifierare (t.ex. urn:oid:1.2.752.129.2.1.3.1)","Identifier.system is always case sensitive.","There are many sets  of identifiers.  To perform matching of two identifiers, we need to know what set we're dealing with. The system identifies a particular set of unique identifiers.","","","","","<valueUri xmlns=""http://hl7.org/fhir"" value=""http://www.acme.com/identifiers/patient""/>","","",,,,,"",,,,"Identifier.system",0,1,"","ele-1:All FHIR elements must have a @value or children {hasValue() or (children().count() > id.count())}
"
"inera-ehds-lm-referral-outcome.referralOutcome.referralOutcomeHeader.patientId.value","inera-ehds-lm-referral-outcome.referralOutcome.referralOutcomeHeader.patientId.value","","","",1,1,"","","Y","string {[]} {[]}
","Patientens personnummer/samordningsnummer","Patientens personnummer/samordningsnummer","If the value is a full URI, then the system SHALL be urn:ietf:rfc:3986.  The value's primary purpose is computational mapping.  As a result, it may be normalized for comparison purposes (e.g. removing non-significant whitespace, dashes, etc.)  A value formatted for human display can be conveyed using the [Rendered Value extension](http://hl7.org/fhir/R4/extension-rendered-value.html). Identifier.value is to be treated as case sensitive unless knowledge of the Identifier.system allows the processer to be confident that non-case-sensitive processing is safe.","","","","","","<valueString xmlns=""http://hl7.org/fhir"" value=""123456""/>","","",,,,,"",,,,"Identifier.value",0,1,"","ele-1:All FHIR elements must have a @value or children {hasValue() or (children().count() > id.count())}
"
"inera-ehds-lm-referral-outcome.referralOutcome.referralOutcomeHeader.patientId.period","inera-ehds-lm-referral-outcome.referralOutcome.referralOutcomeHeader.patientId.period","","","",0,1,"","","Y","Period {[]} {[]}
","Time period when id is/was valid for use","Time period during which identifier is/was valid for use.","","","","","","","","","",,,,,"",,,,"Identifier.period",0,1,"","ele-1:All FHIR elements must have a @value or children {hasValue() or (children().count() > id.count())}
"
"inera-ehds-lm-referral-outcome.referralOutcome.referralOutcomeHeader.patientId.assigner","inera-ehds-lm-referral-outcome.referralOutcome.referralOutcomeHeader.patientId.assigner","","","",0,1,"","","Y","Reference {[]} {[CanonicalType[http://hl7.org/fhir/StructureDefinition/Organization|4.0.1]]}
","Organization that issued id (may be just text)","Organization that issued/manages the identifier.","The Identifier.assigner may omit the .reference element and only contain a .display element reflecting the name or other textual information about the assigning organization.","","","","","","","","",,,,,"",,,,"Identifier.assigner",0,1,"","ele-1:All FHIR elements must have a @value or children {hasValue() or (children().count() > id.count())}
"
"inera-ehds-lm-referral-outcome.referralOutcome.referralOutcomeHeader.accountableHealthcareProfessional","inera-ehds-lm-referral-outcome.referralOutcome.referralOutcomeHeader.accountableHealthcareProfessional","","","",1,1,"","","","BackboneElement {[]} {[]}
","Ansvarig hälso- och sjukvårdspersonal","Ansvarig hälso- och sjukvårdspersonal","","","","","","","","","",,,,,"",,,,"inera-ehds-lm-referral-outcome.referralOutcome.referralOutcomeHeader.accountableHealthcareProfessional",1,1,"","ele-1:All FHIR elements must have a @value or children {hasValue() or (children().count() > id.count())}
"
"inera-ehds-lm-referral-outcome.referralOutcome.referralOutcomeHeader.accountableHealthcareProfessional.id","inera-ehds-lm-referral-outcome.referralOutcome.referralOutcomeHeader.accountableHealthcareProfessional.id","","","",0,1,"","","","string {[]} {[]}
","Unique id for inter-element referencing","Unique id for the element within a resource (for internal references). This may be any string value that does not contain spaces.","","","","","","","","","",,,,,"",,,,"Element.id",0,1,"",""
"inera-ehds-lm-referral-outcome.referralOutcome.referralOutcomeHeader.accountableHealthcareProfessional.extension","inera-ehds-lm-referral-outcome.referralOutcome.referralOutcomeHeader.accountableHealthcareProfessional.extension","","extensions
user content","",0,*,"","","","Extension {[]} {[]}
","Additional content defined by implementations","May be used to represent additional information that is not part of the basic definition of the element. To make the use of extensions safe and manageable, there is a strict set of governance  applied to the definition and use of extensions. Though any implementer can define an extension, there is a set of requirements that SHALL be met as part of the definition of the extension.","There can be no stigma associated with the use of extensions by any application, project, or standard - regardless of the institution or jurisdiction that uses or defines the extensions.  The use of extensions is what allows the FHIR specification to retain a core level of simplicity for everyone.","","","","","","","","",,,,,"","value:url}
","Extensions are always sliced by (at least) url",,"open","Element.extension",0,*,"","ele-1:All FHIR elements must have a @value or children {hasValue() or (children().count() > id.count())}
ext-1:Must have either extensions or value[x], not both {extension.exists() != value.exists()}"
"inera-ehds-lm-referral-outcome.referralOutcome.referralOutcomeHeader.accountableHealthcareProfessional.modifierExtension","inera-ehds-lm-referral-outcome.referralOutcome.referralOutcomeHeader.accountableHealthcareProfessional.modifierExtension","","extensions
user contentmodifiers","",0,*,"","Y","Y","Extension {[]} {[]}
","Extensions that cannot be ignored even if unrecognized","May be used to represent additional information that is not part of the basic definition of the element and that modifies the understanding of the element in which it is contained and/or the understanding of the containing element's descendants. Usually modifier elements provide negation or qualification. To make the use of extensions safe and manageable, there is a strict set of governance applied to the definition and use of extensions. Though any implementer can define an extension, there is a set of requirements that SHALL be met as part of the definition of the extension. Applications processing a resource are required to check for modifier extensions.

Modifier extensions SHALL NOT change the meaning of any elements on Resource or DomainResource (including cannot change the meaning of modifierExtension itself).","There can be no stigma associated with the use of extensions by any application, project, or standard - regardless of the institution or jurisdiction that uses or defines the extensions.  The use of extensions is what allows the FHIR specification to retain a core level of simplicity for everyone.","Modifier extensions allow for extensions that *cannot* be safely ignored to be clearly distinguished from the vast majority of extensions which can be safely ignored.  This promotes interoperability by eliminating the need for implementers to prohibit the presence of extensions. For further information, see the [definition of modifier extensions](http://hl7.org/fhir/R4/extensibility.html#modifierExtension).","","","","","","","",,,,,"",,,,"BackboneElement.modifierExtension",0,*,"","ele-1:All FHIR elements must have a @value or children {hasValue() or (children().count() > id.count())}
ext-1:Must have either extensions or value[x], not both {extension.exists() != value.exists()}"
"inera-ehds-lm-referral-outcome.referralOutcome.referralOutcomeHeader.accountableHealthcareProfessional.authorTime","inera-ehds-lm-referral-outcome.referralOutcome.referralOutcomeHeader.accountableHealthcareProfessional.authorTime","","","",1,1,"","","","instant {[]} {[]}
","Tidpunkt för dokumentation","Tidpunkt för dokumentation","","","","","","","","","",,,,,"",,,,"inera-ehds-lm-referral-outcome.referralOutcome.referralOutcomeHeader.accountableHealthcareProfessional.authorTime",1,1,"",""
"inera-ehds-lm-referral-outcome.referralOutcome.referralOutcomeHeader.accountableHealthcareProfessional.healthcareProfessionalHSAId","inera-ehds-lm-referral-outcome.referralOutcome.referralOutcomeHeader.accountableHealthcareProfessional.healthcareProfessionalHSAId","","","",0,1,"","","","Identifier {[]} {[]}
","Personalens HSA-id","Personalens HSA-id","","","","","","","","","",,,,,"",,,,"inera-ehds-lm-referral-outcome.referralOutcome.referralOutcomeHeader.accountableHealthcareProfessional.healthcareProfessionalHSAId",0,1,"",""
"inera-ehds-lm-referral-outcome.referralOutcome.referralOutcomeHeader.accountableHealthcareProfessional.healthcareProfessionalName","inera-ehds-lm-referral-outcome.referralOutcome.referralOutcomeHeader.accountableHealthcareProfessional.healthcareProfessionalName","","","",0,1,"","","","string {[]} {[]}
","Personalens namn","Personalens namn","","","","","","","","","",,,,,"",,,,"inera-ehds-lm-referral-outcome.referralOutcome.referralOutcomeHeader.accountableHealthcareProfessional.healthcareProfessionalName",0,1,"",""
"inera-ehds-lm-referral-outcome.referralOutcome.referralOutcomeHeader.accountableHealthcareProfessional.healthcareProfessionalRoleCode","inera-ehds-lm-referral-outcome.referralOutcome.referralOutcomeHeader.accountableHealthcareProfessional.healthcareProfessionalRoleCode","","","",0,1,"","","","CodeableConcept {[]} {[]}
","Yrkesroll","Yrkesroll","","","","","","","","","",,,,,"",,,,"inera-ehds-lm-referral-outcome.referralOutcome.referralOutcomeHeader.accountableHealthcareProfessional.healthcareProfessionalRoleCode",0,1,"",""
"inera-ehds-lm-referral-outcome.referralOutcome.referralOutcomeHeader.accountableHealthcareProfessional.healthcareProfessionalOrgUnit","inera-ehds-lm-referral-outcome.referralOutcome.referralOutcomeHeader.accountableHealthcareProfessional.healthcareProfessionalOrgUnit","","","",0,1,"","","","BackboneElement {[]} {[]}
","Organisationsenhet","Organisationsenhet","","","","","","","","","",,,,,"",,,,"inera-ehds-lm-referral-outcome.referralOutcome.referralOutcomeHeader.accountableHealthcareProfessional.healthcareProfessionalOrgUnit",0,1,"","ele-1:All FHIR elements must have a @value or children {hasValue() or (children().count() > id.count())}
"
"inera-ehds-lm-referral-outcome.referralOutcome.referralOutcomeHeader.accountableHealthcareProfessional.healthcareProfessionalOrgUnit.id","inera-ehds-lm-referral-outcome.referralOutcome.referralOutcomeHeader.accountableHealthcareProfessional.healthcareProfessionalOrgUnit.id","","","",0,1,"","","","string {[]} {[]}
","Unique id for inter-element referencing","Unique id for the element within a resource (for internal references). This may be any string value that does not contain spaces.","","","","","","","","","",,,,,"",,,,"Element.id",0,1,"",""
"inera-ehds-lm-referral-outcome.referralOutcome.referralOutcomeHeader.accountableHealthcareProfessional.healthcareProfessionalOrgUnit.extension","inera-ehds-lm-referral-outcome.referralOutcome.referralOutcomeHeader.accountableHealthcareProfessional.healthcareProfessionalOrgUnit.extension","","extensions
user content","",0,*,"","","","Extension {[]} {[]}
","Additional content defined by implementations","May be used to represent additional information that is not part of the basic definition of the element. To make the use of extensions safe and manageable, there is a strict set of governance  applied to the definition and use of extensions. Though any implementer can define an extension, there is a set of requirements that SHALL be met as part of the definition of the extension.","There can be no stigma associated with the use of extensions by any application, project, or standard - regardless of the institution or jurisdiction that uses or defines the extensions.  The use of extensions is what allows the FHIR specification to retain a core level of simplicity for everyone.","","","","","","","","",,,,,"","value:url}
","Extensions are always sliced by (at least) url",,"open","Element.extension",0,*,"","ele-1:All FHIR elements must have a @value or children {hasValue() or (children().count() > id.count())}
ext-1:Must have either extensions or value[x], not both {extension.exists() != value.exists()}"
"inera-ehds-lm-referral-outcome.referralOutcome.referralOutcomeHeader.accountableHealthcareProfessional.healthcareProfessionalOrgUnit.modifierExtension","inera-ehds-lm-referral-outcome.referralOutcome.referralOutcomeHeader.accountableHealthcareProfessional.healthcareProfessionalOrgUnit.modifierExtension","","extensions
user contentmodifiers","",0,*,"","Y","Y","Extension {[]} {[]}
","Extensions that cannot be ignored even if unrecognized","May be used to represent additional information that is not part of the basic definition of the element and that modifies the understanding of the element in which it is contained and/or the understanding of the containing element's descendants. Usually modifier elements provide negation or qualification. To make the use of extensions safe and manageable, there is a strict set of governance applied to the definition and use of extensions. Though any implementer can define an extension, there is a set of requirements that SHALL be met as part of the definition of the extension. Applications processing a resource are required to check for modifier extensions.

Modifier extensions SHALL NOT change the meaning of any elements on Resource or DomainResource (including cannot change the meaning of modifierExtension itself).","There can be no stigma associated with the use of extensions by any application, project, or standard - regardless of the institution or jurisdiction that uses or defines the extensions.  The use of extensions is what allows the FHIR specification to retain a core level of simplicity for everyone.","Modifier extensions allow for extensions that *cannot* be safely ignored to be clearly distinguished from the vast majority of extensions which can be safely ignored.  This promotes interoperability by eliminating the need for implementers to prohibit the presence of extensions. For further information, see the [definition of modifier extensions](http://hl7.org/fhir/R4/extensibility.html#modifierExtension).","","","","","","","",,,,,"",,,,"BackboneElement.modifierExtension",0,*,"","ele-1:All FHIR elements must have a @value or children {hasValue() or (children().count() > id.count())}
ext-1:Must have either extensions or value[x], not both {extension.exists() != value.exists()}"
"inera-ehds-lm-referral-outcome.referralOutcome.referralOutcomeHeader.accountableHealthcareProfessional.healthcareProfessionalOrgUnit.orgUnitHSAId","inera-ehds-lm-referral-outcome.referralOutcome.referralOutcomeHeader.accountableHealthcareProfessional.healthcareProfessionalOrgUnit.orgUnitHSAId","","","",0,1,"","","","Identifier {[]} {[]}
","OrgUnit HSA-id","OrgUnit HSA-id","","","","","","","","","",,,,,"",,,,"inera-ehds-lm-referral-outcome.referralOutcome.referralOutcomeHeader.accountableHealthcareProfessional.healthcareProfessionalOrgUnit.orgUnitHSAId",0,1,"",""
"inera-ehds-lm-referral-outcome.referralOutcome.referralOutcomeHeader.accountableHealthcareProfessional.healthcareProfessionalOrgUnit.orgUnitName","inera-ehds-lm-referral-outcome.referralOutcome.referralOutcomeHeader.accountableHealthcareProfessional.healthcareProfessionalOrgUnit.orgUnitName","","","",0,1,"","","","string {[]} {[]}
","OrgUnit namn","OrgUnit namn","","","","","","","","","",,,,,"",,,,"inera-ehds-lm-referral-outcome.referralOutcome.referralOutcomeHeader.accountableHealthcareProfessional.healthcareProfessionalOrgUnit.orgUnitName",0,1,"",""
"inera-ehds-lm-referral-outcome.referralOutcome.referralOutcomeHeader.accountableHealthcareProfessional.healthcareProfessionalOrgUnit.orgUnitTelecom","inera-ehds-lm-referral-outcome.referralOutcome.referralOutcomeHeader.accountableHealthcareProfessional.healthcareProfessionalOrgUnit.orgUnitTelecom","","","",0,1,"","","","string {[]} {[]}
","Telefon","Telefon","","","","","","","","","",,,,,"",,,,"inera-ehds-lm-referral-outcome.referralOutcome.referralOutcomeHeader.accountableHealthcareProfessional.healthcareProfessionalOrgUnit.orgUnitTelecom",0,1,"",""
"inera-ehds-lm-referral-outcome.referralOutcome.referralOutcomeHeader.accountableHealthcareProfessional.healthcareProfessionalOrgUnit.orgUnitEmail","inera-ehds-lm-referral-outcome.referralOutcome.referralOutcomeHeader.accountableHealthcareProfessional.healthcareProfessionalOrgUnit.orgUnitEmail","","","",0,1,"","","","string {[]} {[]}
","E-post","E-post","","","","","","","","","",,,,,"",,,,"inera-ehds-lm-referral-outcome.referralOutcome.referralOutcomeHeader.accountableHealthcareProfessional.healthcareProfessionalOrgUnit.orgUnitEmail",0,1,"",""
"inera-ehds-lm-referral-outcome.referralOutcome.referralOutcomeHeader.accountableHealthcareProfessional.healthcareProfessionalOrgUnit.orgUnitAddress","inera-ehds-lm-referral-outcome.referralOutcome.referralOutcomeHeader.accountableHealthcareProfessional.healthcareProfessionalOrgUnit.orgUnitAddress","","","",0,1,"","","","string {[]} {[]}
","Adress","Adress","","","","","","","","","",,,,,"",,,,"inera-ehds-lm-referral-outcome.referralOutcome.referralOutcomeHeader.accountableHealthcareProfessional.healthcareProfessionalOrgUnit.orgUnitAddress",0,1,"",""
"inera-ehds-lm-referral-outcome.referralOutcome.referralOutcomeHeader.accountableHealthcareProfessional.healthcareProfessionalOrgUnit.orgUnitLocation","inera-ehds-lm-referral-outcome.referralOutcome.referralOutcomeHeader.accountableHealthcareProfessional.healthcareProfessionalOrgUnit.orgUnitLocation","","","",0,1,"","","","string {[]} {[]}
","Plats","Plats","","","","","","","","","",,,,,"",,,,"inera-ehds-lm-referral-outcome.referralOutcome.referralOutcomeHeader.accountableHealthcareProfessional.healthcareProfessionalOrgUnit.orgUnitLocation",0,1,"",""
"inera-ehds-lm-referral-outcome.referralOutcome.referralOutcomeHeader.accountableHealthcareProfessional.healthcareProfessionalCareUnitHSAId","inera-ehds-lm-referral-outcome.referralOutcome.referralOutcomeHeader.accountableHealthcareProfessional.healthcareProfessionalCareUnitHSAId","","","",0,1,"","","","Identifier {[]} {[]}
","Vårdenhetens HSA-id","Regel 1: Krävs för spärrhantering och åtkomstkontroll.","","","","","","","","","",,,,,"",,,,"inera-ehds-lm-referral-outcome.referralOutcome.referralOutcomeHeader.accountableHealthcareProfessional.healthcareProfessionalCareUnitHSAId",0,1,"",""
"inera-ehds-lm-referral-outcome.referralOutcome.referralOutcomeHeader.accountableHealthcareProfessional.healthcareProfessionalCareGiverHSAId","inera-ehds-lm-referral-outcome.referralOutcome.referralOutcomeHeader.accountableHealthcareProfessional.healthcareProfessionalCareGiverHSAId","","","",0,1,"","","","Identifier {[]} {[]}
","Vårdgivarens HSA-id","Regel 1: Krävs för spärrhantering och åtkomstkontroll.","","","","","","","","","",,,,,"",,,,"inera-ehds-lm-referral-outcome.referralOutcome.referralOutcomeHeader.accountableHealthcareProfessional.healthcareProfessionalCareGiverHSAId",0,1,"",""
"inera-ehds-lm-referral-outcome.referralOutcome.referralOutcomeHeader.legalAuthenticator","inera-ehds-lm-referral-outcome.referralOutcome.referralOutcomeHeader.legalAuthenticator","","","",0,1,"","","","BackboneElement {[]} {[]}
","Juridiskt ansvarig","Juridiskt ansvarig","","","","","","","","","",,,,,"",,,,"inera-ehds-lm-referral-outcome.referralOutcome.referralOutcomeHeader.legalAuthenticator",0,1,"","ele-1:All FHIR elements must have a @value or children {hasValue() or (children().count() > id.count())}
"
"inera-ehds-lm-referral-outcome.referralOutcome.referralOutcomeHeader.legalAuthenticator.id","inera-ehds-lm-referral-outcome.referralOutcome.referralOutcomeHeader.legalAuthenticator.id","","","",0,1,"","","","string {[]} {[]}
","Unique id for inter-element referencing","Unique id for the element within a resource (for internal references). This may be any string value that does not contain spaces.","","","","","","","","","",,,,,"",,,,"Element.id",0,1,"",""
"inera-ehds-lm-referral-outcome.referralOutcome.referralOutcomeHeader.legalAuthenticator.extension","inera-ehds-lm-referral-outcome.referralOutcome.referralOutcomeHeader.legalAuthenticator.extension","","extensions
user content","",0,*,"","","","Extension {[]} {[]}
","Additional content defined by implementations","May be used to represent additional information that is not part of the basic definition of the element. To make the use of extensions safe and manageable, there is a strict set of governance  applied to the definition and use of extensions. Though any implementer can define an extension, there is a set of requirements that SHALL be met as part of the definition of the extension.","There can be no stigma associated with the use of extensions by any application, project, or standard - regardless of the institution or jurisdiction that uses or defines the extensions.  The use of extensions is what allows the FHIR specification to retain a core level of simplicity for everyone.","","","","","","","","",,,,,"","value:url}
","Extensions are always sliced by (at least) url",,"open","Element.extension",0,*,"","ele-1:All FHIR elements must have a @value or children {hasValue() or (children().count() > id.count())}
ext-1:Must have either extensions or value[x], not both {extension.exists() != value.exists()}"
"inera-ehds-lm-referral-outcome.referralOutcome.referralOutcomeHeader.legalAuthenticator.modifierExtension","inera-ehds-lm-referral-outcome.referralOutcome.referralOutcomeHeader.legalAuthenticator.modifierExtension","","extensions
user contentmodifiers","",0,*,"","Y","Y","Extension {[]} {[]}
","Extensions that cannot be ignored even if unrecognized","May be used to represent additional information that is not part of the basic definition of the element and that modifies the understanding of the element in which it is contained and/or the understanding of the containing element's descendants. Usually modifier elements provide negation or qualification. To make the use of extensions safe and manageable, there is a strict set of governance applied to the definition and use of extensions. Though any implementer can define an extension, there is a set of requirements that SHALL be met as part of the definition of the extension. Applications processing a resource are required to check for modifier extensions.

Modifier extensions SHALL NOT change the meaning of any elements on Resource or DomainResource (including cannot change the meaning of modifierExtension itself).","There can be no stigma associated with the use of extensions by any application, project, or standard - regardless of the institution or jurisdiction that uses or defines the extensions.  The use of extensions is what allows the FHIR specification to retain a core level of simplicity for everyone.","Modifier extensions allow for extensions that *cannot* be safely ignored to be clearly distinguished from the vast majority of extensions which can be safely ignored.  This promotes interoperability by eliminating the need for implementers to prohibit the presence of extensions. For further information, see the [definition of modifier extensions](http://hl7.org/fhir/R4/extensibility.html#modifierExtension).","","","","","","","",,,,,"",,,,"BackboneElement.modifierExtension",0,*,"","ele-1:All FHIR elements must have a @value or children {hasValue() or (children().count() > id.count())}
ext-1:Must have either extensions or value[x], not both {extension.exists() != value.exists()}"
"inera-ehds-lm-referral-outcome.referralOutcome.referralOutcomeHeader.legalAuthenticator.signatureTime","inera-ehds-lm-referral-outcome.referralOutcome.referralOutcomeHeader.legalAuthenticator.signatureTime","","","",1,1,"","","","instant {[]} {[]}
","Signeringstidpunkt","Signeringstidpunkt","","","","","","","","","",,,,,"",,,,"inera-ehds-lm-referral-outcome.referralOutcome.referralOutcomeHeader.legalAuthenticator.signatureTime",1,1,"",""
"inera-ehds-lm-referral-outcome.referralOutcome.referralOutcomeHeader.legalAuthenticator.legalAuthenticatorHSAId","inera-ehds-lm-referral-outcome.referralOutcome.referralOutcomeHeader.legalAuthenticator.legalAuthenticatorHSAId","","","",0,1,"","","","Identifier {[]} {[]}
","HSA-id","HSA-id","","","","","","","","","",,,,,"",,,,"inera-ehds-lm-referral-outcome.referralOutcome.referralOutcomeHeader.legalAuthenticator.legalAuthenticatorHSAId",0,1,"",""
"inera-ehds-lm-referral-outcome.referralOutcome.referralOutcomeHeader.legalAuthenticator.legalAuthenticatorName","inera-ehds-lm-referral-outcome.referralOutcome.referralOutcomeHeader.legalAuthenticator.legalAuthenticatorName","","","",0,1,"","","","string {[]} {[]}
","Namn","Namn","","","","","","","","","",,,,,"",,,,"inera-ehds-lm-referral-outcome.referralOutcome.referralOutcomeHeader.legalAuthenticator.legalAuthenticatorName",0,1,"",""
"inera-ehds-lm-referral-outcome.referralOutcome.referralOutcomeHeader.approvedForPatient","inera-ehds-lm-referral-outcome.referralOutcome.referralOutcomeHeader.approvedForPatient","","","",1,1,"","","","boolean {[]} {[]}
","Godkänd för patientvisning","Godkänd för patientvisning","","","","","","","","","",,,,,"",,,,"inera-ehds-lm-referral-outcome.referralOutcome.referralOutcomeHeader.approvedForPatient",1,1,"",""
"inera-ehds-lm-referral-outcome.referralOutcome.referralOutcomeHeader.careContactId","inera-ehds-lm-referral-outcome.referralOutcome.referralOutcomeHeader.careContactId","","","",0,1,"","","","string {[]} {[]}
","Vårdkontaktid","Vårdkontaktid","","","","","","","","","",,,,,"",,,,"inera-ehds-lm-referral-outcome.referralOutcome.referralOutcomeHeader.careContactId",0,1,"",""
"inera-ehds-lm-referral-outcome.referralOutcome.referralOutcomeBody","inera-ehds-lm-referral-outcome.referralOutcome.referralOutcomeBody","","","",1,1,"","","","BackboneElement {[]} {[]}
","Remissvarsinformation","Remissvarsinformation","","","","","","","","","",,,,,"",,,,"inera-ehds-lm-referral-outcome.referralOutcome.referralOutcomeBody",1,1,"","ele-1:All FHIR elements must have a @value or children {hasValue() or (children().count() > id.count())}
"
"inera-ehds-lm-referral-outcome.referralOutcome.referralOutcomeBody.id","inera-ehds-lm-referral-outcome.referralOutcome.referralOutcomeBody.id","","","",0,1,"","","","string {[]} {[]}
","Unique id for inter-element referencing","Unique id for the element within a resource (for internal references). This may be any string value that does not contain spaces.","","","","","","","","","",,,,,"",,,,"Element.id",0,1,"",""
"inera-ehds-lm-referral-outcome.referralOutcome.referralOutcomeBody.extension","inera-ehds-lm-referral-outcome.referralOutcome.referralOutcomeBody.extension","","extensions
user content","",0,*,"","","","Extension {[]} {[]}
","Additional content defined by implementations","May be used to represent additional information that is not part of the basic definition of the element. To make the use of extensions safe and manageable, there is a strict set of governance  applied to the definition and use of extensions. Though any implementer can define an extension, there is a set of requirements that SHALL be met as part of the definition of the extension.","There can be no stigma associated with the use of extensions by any application, project, or standard - regardless of the institution or jurisdiction that uses or defines the extensions.  The use of extensions is what allows the FHIR specification to retain a core level of simplicity for everyone.","","","","","","","","",,,,,"","value:url}
","Extensions are always sliced by (at least) url",,"open","Element.extension",0,*,"","ele-1:All FHIR elements must have a @value or children {hasValue() or (children().count() > id.count())}
ext-1:Must have either extensions or value[x], not both {extension.exists() != value.exists()}"
"inera-ehds-lm-referral-outcome.referralOutcome.referralOutcomeBody.modifierExtension","inera-ehds-lm-referral-outcome.referralOutcome.referralOutcomeBody.modifierExtension","","extensions
user contentmodifiers","",0,*,"","Y","Y","Extension {[]} {[]}
","Extensions that cannot be ignored even if unrecognized","May be used to represent additional information that is not part of the basic definition of the element and that modifies the understanding of the element in which it is contained and/or the understanding of the containing element's descendants. Usually modifier elements provide negation or qualification. To make the use of extensions safe and manageable, there is a strict set of governance applied to the definition and use of extensions. Though any implementer can define an extension, there is a set of requirements that SHALL be met as part of the definition of the extension. Applications processing a resource are required to check for modifier extensions.

Modifier extensions SHALL NOT change the meaning of any elements on Resource or DomainResource (including cannot change the meaning of modifierExtension itself).","There can be no stigma associated with the use of extensions by any application, project, or standard - regardless of the institution or jurisdiction that uses or defines the extensions.  The use of extensions is what allows the FHIR specification to retain a core level of simplicity for everyone.","Modifier extensions allow for extensions that *cannot* be safely ignored to be clearly distinguished from the vast majority of extensions which can be safely ignored.  This promotes interoperability by eliminating the need for implementers to prohibit the presence of extensions. For further information, see the [definition of modifier extensions](http://hl7.org/fhir/R4/extensibility.html#modifierExtension).","","","","","","","",,,,,"",,,,"BackboneElement.modifierExtension",0,*,"","ele-1:All FHIR elements must have a @value or children {hasValue() or (children().count() > id.count())}
ext-1:Must have either extensions or value[x], not both {extension.exists() != value.exists()}"
"inera-ehds-lm-referral-outcome.referralOutcome.referralOutcomeBody.referralOutcomeTypeCode","inera-ehds-lm-referral-outcome.referralOutcome.referralOutcomeBody.referralOutcomeTypeCode","","","",1,1,"","","","CodeableConcept {[]} {[]}
","Typ av remissvar","Kodas enligt referralOutcomeTypeCodeEnum. Se QUESTIONS.md ASSUME-002 angående canonicalURL.","","","","","","","","","",,,,,"",,,,"inera-ehds-lm-referral-outcome.referralOutcome.referralOutcomeBody.referralOutcomeTypeCode",1,1,"",""
"inera-ehds-lm-referral-outcome.referralOutcome.referralOutcomeBody.referralOutcomeTitle","inera-ehds-lm-referral-outcome.referralOutcome.referralOutcomeBody.referralOutcomeTitle","","","",0,1,"","","","string {[]} {[]}
","Remissvarets titel","Remissvarets titel","","","","","","","","","",,,,,"",,,,"inera-ehds-lm-referral-outcome.referralOutcome.referralOutcomeBody.referralOutcomeTitle",0,1,"",""
"inera-ehds-lm-referral-outcome.referralOutcome.referralOutcomeBody.referralOutcomeText","inera-ehds-lm-referral-outcome.referralOutcome.referralOutcomeBody.referralOutcomeText","","","",1,1,"","","","string {[]} {[]}
","Remissvarets text","Remissvarets text","","","","","","","","","",,,,,"",,,,"inera-ehds-lm-referral-outcome.referralOutcome.referralOutcomeBody.referralOutcomeText",1,1,"",""
"inera-ehds-lm-referral-outcome.referralOutcome.referralOutcomeBody.clinicalInformation","inera-ehds-lm-referral-outcome.referralOutcome.referralOutcomeBody.clinicalInformation","","","",0,*,"","","","BackboneElement {[]} {[]}
","Klinisk information","Klinisk information","","","","","","","","","",,,,,"",,,,"inera-ehds-lm-referral-outcome.referralOutcome.referralOutcomeBody.clinicalInformation",0,*,"","ele-1:All FHIR elements must have a @value or children {hasValue() or (children().count() > id.count())}
"
"inera-ehds-lm-referral-outcome.referralOutcome.referralOutcomeBody.clinicalInformation.id","inera-ehds-lm-referral-outcome.referralOutcome.referralOutcomeBody.clinicalInformation.id","","","",0,1,"","","","string {[]} {[]}
","Unique id for inter-element referencing","Unique id for the element within a resource (for internal references). This may be any string value that does not contain spaces.","","","","","","","","","",,,,,"",,,,"Element.id",0,1,"",""
"inera-ehds-lm-referral-outcome.referralOutcome.referralOutcomeBody.clinicalInformation.extension","inera-ehds-lm-referral-outcome.referralOutcome.referralOutcomeBody.clinicalInformation.extension","","extensions
user content","",0,*,"","","","Extension {[]} {[]}
","Additional content defined by implementations","May be used to represent additional information that is not part of the basic definition of the element. To make the use of extensions safe and manageable, there is a strict set of governance  applied to the definition and use of extensions. Though any implementer can define an extension, there is a set of requirements that SHALL be met as part of the definition of the extension.","There can be no stigma associated with the use of extensions by any application, project, or standard - regardless of the institution or jurisdiction that uses or defines the extensions.  The use of extensions is what allows the FHIR specification to retain a core level of simplicity for everyone.","","","","","","","","",,,,,"","value:url}
","Extensions are always sliced by (at least) url",,"open","Element.extension",0,*,"","ele-1:All FHIR elements must have a @value or children {hasValue() or (children().count() > id.count())}
ext-1:Must have either extensions or value[x], not both {extension.exists() != value.exists()}"
"inera-ehds-lm-referral-outcome.referralOutcome.referralOutcomeBody.clinicalInformation.modifierExtension","inera-ehds-lm-referral-outcome.referralOutcome.referralOutcomeBody.clinicalInformation.modifierExtension","","extensions
user contentmodifiers","",0,*,"","Y","Y","Extension {[]} {[]}
","Extensions that cannot be ignored even if unrecognized","May be used to represent additional information that is not part of the basic definition of the element and that modifies the understanding of the element in which it is contained and/or the understanding of the containing element's descendants. Usually modifier elements provide negation or qualification. To make the use of extensions safe and manageable, there is a strict set of governance applied to the definition and use of extensions. Though any implementer can define an extension, there is a set of requirements that SHALL be met as part of the definition of the extension. Applications processing a resource are required to check for modifier extensions.

Modifier extensions SHALL NOT change the meaning of any elements on Resource or DomainResource (including cannot change the meaning of modifierExtension itself).","There can be no stigma associated with the use of extensions by any application, project, or standard - regardless of the institution or jurisdiction that uses or defines the extensions.  The use of extensions is what allows the FHIR specification to retain a core level of simplicity for everyone.","Modifier extensions allow for extensions that *cannot* be safely ignored to be clearly distinguished from the vast majority of extensions which can be safely ignored.  This promotes interoperability by eliminating the need for implementers to prohibit the presence of extensions. For further information, see the [definition of modifier extensions](http://hl7.org/fhir/R4/extensibility.html#modifierExtension).","","","","","","","",,,,,"",,,,"BackboneElement.modifierExtension",0,*,"","ele-1:All FHIR elements must have a @value or children {hasValue() or (children().count() > id.count())}
ext-1:Must have either extensions or value[x], not both {extension.exists() != value.exists()}"
"inera-ehds-lm-referral-outcome.referralOutcome.referralOutcomeBody.clinicalInformation.clinicalInformationCode","inera-ehds-lm-referral-outcome.referralOutcome.referralOutcomeBody.clinicalInformation.clinicalInformationCode","","","",1,1,"","","","CodeableConcept {[]} {[]}
","Klinisk informationskod","Klinisk informationskod","","","","","","","","","",,,,,"",,,,"inera-ehds-lm-referral-outcome.referralOutcome.referralOutcomeBody.clinicalInformation.clinicalInformationCode",1,1,"",""
"inera-ehds-lm-referral-outcome.referralOutcome.referralOutcomeBody.clinicalInformation.clinicalInformationText","inera-ehds-lm-referral-outcome.referralOutcome.referralOutcomeBody.clinicalInformation.clinicalInformationText","","","",1,1,"","","","string {[]} {[]}
","Klinisk informationstext","Klinisk informationstext","","","","","","","","","",,,,,"",,,,"inera-ehds-lm-referral-outcome.referralOutcome.referralOutcomeBody.clinicalInformation.clinicalInformationText",1,1,"",""
"inera-ehds-lm-referral-outcome.referralOutcome.referralOutcomeBody.act","inera-ehds-lm-referral-outcome.referralOutcome.referralOutcomeBody.act","","","",0,*,"","","","BackboneElement {[]} {[]}
","Åtgärd","Åtgärd","","","","","","","","","",,,,,"",,,,"inera-ehds-lm-referral-outcome.referralOutcome.referralOutcomeBody.act",0,*,"","ele-1:All FHIR elements must have a @value or children {hasValue() or (children().count() > id.count())}
"
"inera-ehds-lm-referral-outcome.referralOutcome.referralOutcomeBody.act.id","inera-ehds-lm-referral-outcome.referralOutcome.referralOutcomeBody.act.id","","","",0,1,"","","","string {[]} {[]}
","Unique id for inter-element referencing","Unique id for the element within a resource (for internal references). This may be any string value that does not contain spaces.","","","","","","","","","",,,,,"",,,,"Element.id",0,1,"",""
"inera-ehds-lm-referral-outcome.referralOutcome.referralOutcomeBody.act.extension","inera-ehds-lm-referral-outcome.referralOutcome.referralOutcomeBody.act.extension","","extensions
user content","",0,*,"","","","Extension {[]} {[]}
","Additional content defined by implementations","May be used to represent additional information that is not part of the basic definition of the element. To make the use of extensions safe and manageable, there is a strict set of governance  applied to the definition and use of extensions. Though any implementer can define an extension, there is a set of requirements that SHALL be met as part of the definition of the extension.","There can be no stigma associated with the use of extensions by any application, project, or standard - regardless of the institution or jurisdiction that uses or defines the extensions.  The use of extensions is what allows the FHIR specification to retain a core level of simplicity for everyone.","","","","","","","","",,,,,"","value:url}
","Extensions are always sliced by (at least) url",,"open","Element.extension",0,*,"","ele-1:All FHIR elements must have a @value or children {hasValue() or (children().count() > id.count())}
ext-1:Must have either extensions or value[x], not both {extension.exists() != value.exists()}"
"inera-ehds-lm-referral-outcome.referralOutcome.referralOutcomeBody.act.modifierExtension","inera-ehds-lm-referral-outcome.referralOutcome.referralOutcomeBody.act.modifierExtension","","extensions
user contentmodifiers","",0,*,"","Y","Y","Extension {[]} {[]}
","Extensions that cannot be ignored even if unrecognized","May be used to represent additional information that is not part of the basic definition of the element and that modifies the understanding of the element in which it is contained and/or the understanding of the containing element's descendants. Usually modifier elements provide negation or qualification. To make the use of extensions safe and manageable, there is a strict set of governance applied to the definition and use of extensions. Though any implementer can define an extension, there is a set of requirements that SHALL be met as part of the definition of the extension. Applications processing a resource are required to check for modifier extensions.

Modifier extensions SHALL NOT change the meaning of any elements on Resource or DomainResource (including cannot change the meaning of modifierExtension itself).","There can be no stigma associated with the use of extensions by any application, project, or standard - regardless of the institution or jurisdiction that uses or defines the extensions.  The use of extensions is what allows the FHIR specification to retain a core level of simplicity for everyone.","Modifier extensions allow for extensions that *cannot* be safely ignored to be clearly distinguished from the vast majority of extensions which can be safely ignored.  This promotes interoperability by eliminating the need for implementers to prohibit the presence of extensions. For further information, see the [definition of modifier extensions](http://hl7.org/fhir/R4/extensibility.html#modifierExtension).","","","","","","","",,,,,"",,,,"BackboneElement.modifierExtension",0,*,"","ele-1:All FHIR elements must have a @value or children {hasValue() or (children().count() > id.count())}
ext-1:Must have either extensions or value[x], not both {extension.exists() != value.exists()}"
"inera-ehds-lm-referral-outcome.referralOutcome.referralOutcomeBody.act.actId","inera-ehds-lm-referral-outcome.referralOutcome.referralOutcomeBody.act.actId","","","",0,1,"","","","string {[]} {[]}
","Åtgärdens id","Åtgärdens id","","","","","","","","","",,,,,"",,,,"inera-ehds-lm-referral-outcome.referralOutcome.referralOutcomeBody.act.actId",0,1,"",""
"inera-ehds-lm-referral-outcome.referralOutcome.referralOutcomeBody.act.actCode","inera-ehds-lm-referral-outcome.referralOutcome.referralOutcomeBody.act.actCode","","","",0,1,"","","","CodeableConcept {[]} {[]}
","Åtgärdskod","Åtgärdskod","","","","","","","","","",,,,,"",,,,"inera-ehds-lm-referral-outcome.referralOutcome.referralOutcomeBody.act.actCode",0,1,"",""
"inera-ehds-lm-referral-outcome.referralOutcome.referralOutcomeBody.act.actText","inera-ehds-lm-referral-outcome.referralOutcome.referralOutcomeBody.act.actText","","","",1,1,"","","","string {[]} {[]}
","Åtgärdstext","Åtgärdstext","","","","","","","","","",,,,,"",,,,"inera-ehds-lm-referral-outcome.referralOutcome.referralOutcomeBody.act.actText",1,1,"",""
"inera-ehds-lm-referral-outcome.referralOutcome.referralOutcomeBody.act.actTime","inera-ehds-lm-referral-outcome.referralOutcome.referralOutcomeBody.act.actTime","","","",0,1,"","","","instant {[]} {[]}
","Tidpunkt för åtgärd","Tidpunkt för åtgärd","","","","","","","","","",,,,,"",,,,"inera-ehds-lm-referral-outcome.referralOutcome.referralOutcomeBody.act.actTime",0,1,"",""
"inera-ehds-lm-referral-outcome.referralOutcome.referralOutcomeBody.act.actResult","inera-ehds-lm-referral-outcome.referralOutcome.referralOutcomeBody.act.actResult","","","",0,*,"","","","BackboneElement {[]} {[]}
","Resultat (multimedia)","Resultat (multimedia)","","","","","","","","","",,,,,"",,,,"inera-ehds-lm-referral-outcome.referralOutcome.referralOutcomeBody.act.actResult",0,*,"","ele-1:All FHIR elements must have a @value or children {hasValue() or (children().count() > id.count())}
"
"inera-ehds-lm-referral-outcome.referralOutcome.referralOutcomeBody.act.actResult.id","inera-ehds-lm-referral-outcome.referralOutcome.referralOutcomeBody.act.actResult.id","","","",0,1,"","","","string {[]} {[]}
","Unique id for inter-element referencing","Unique id for the element within a resource (for internal references). This may be any string value that does not contain spaces.","","","","","","","","","",,,,,"",,,,"Element.id",0,1,"",""
"inera-ehds-lm-referral-outcome.referralOutcome.referralOutcomeBody.act.actResult.extension","inera-ehds-lm-referral-outcome.referralOutcome.referralOutcomeBody.act.actResult.extension","","extensions
user content","",0,*,"","","","Extension {[]} {[]}
","Additional content defined by implementations","May be used to represent additional information that is not part of the basic definition of the element. To make the use of extensions safe and manageable, there is a strict set of governance  applied to the definition and use of extensions. Though any implementer can define an extension, there is a set of requirements that SHALL be met as part of the definition of the extension.","There can be no stigma associated with the use of extensions by any application, project, or standard - regardless of the institution or jurisdiction that uses or defines the extensions.  The use of extensions is what allows the FHIR specification to retain a core level of simplicity for everyone.","","","","","","","","",,,,,"","value:url}
","Extensions are always sliced by (at least) url",,"open","Element.extension",0,*,"","ele-1:All FHIR elements must have a @value or children {hasValue() or (children().count() > id.count())}
ext-1:Must have either extensions or value[x], not both {extension.exists() != value.exists()}"
"inera-ehds-lm-referral-outcome.referralOutcome.referralOutcomeBody.act.actResult.modifierExtension","inera-ehds-lm-referral-outcome.referralOutcome.referralOutcomeBody.act.actResult.modifierExtension","","extensions
user contentmodifiers","",0,*,"","Y","Y","Extension {[]} {[]}
","Extensions that cannot be ignored even if unrecognized","May be used to represent additional information that is not part of the basic definition of the element and that modifies the understanding of the element in which it is contained and/or the understanding of the containing element's descendants. Usually modifier elements provide negation or qualification. To make the use of extensions safe and manageable, there is a strict set of governance applied to the definition and use of extensions. Though any implementer can define an extension, there is a set of requirements that SHALL be met as part of the definition of the extension. Applications processing a resource are required to check for modifier extensions.

Modifier extensions SHALL NOT change the meaning of any elements on Resource or DomainResource (including cannot change the meaning of modifierExtension itself).","There can be no stigma associated with the use of extensions by any application, project, or standard - regardless of the institution or jurisdiction that uses or defines the extensions.  The use of extensions is what allows the FHIR specification to retain a core level of simplicity for everyone.","Modifier extensions allow for extensions that *cannot* be safely ignored to be clearly distinguished from the vast majority of extensions which can be safely ignored.  This promotes interoperability by eliminating the need for implementers to prohibit the presence of extensions. For further information, see the [definition of modifier extensions](http://hl7.org/fhir/R4/extensibility.html#modifierExtension).","","","","","","","",,,,,"",,,,"BackboneElement.modifierExtension",0,*,"","ele-1:All FHIR elements must have a @value or children {hasValue() or (children().count() > id.count())}
ext-1:Must have either extensions or value[x], not both {extension.exists() != value.exists()}"
"inera-ehds-lm-referral-outcome.referralOutcome.referralOutcomeBody.act.actResult.mediaType","inera-ehds-lm-referral-outcome.referralOutcome.referralOutcomeBody.act.actResult.mediaType","","","",1,1,"","","","CodeableConcept {[]} {[]}
","Medietyp","Medietyp","","","","","","","","","",,,,,"",,,,"inera-ehds-lm-referral-outcome.referralOutcome.referralOutcomeBody.act.actResult.mediaType",1,1,"",""
"inera-ehds-lm-referral-outcome.referralOutcome.referralOutcomeBody.act.actResult.value","inera-ehds-lm-referral-outcome.referralOutcome.referralOutcomeBody.act.actResult.value","","","",0,1,"","","","base64Binary {[]} {[]}
","Binärt innehåll","Binärt innehåll","","","","","","","","","",,,,,"",,,,"inera-ehds-lm-referral-outcome.referralOutcome.referralOutcomeBody.act.actResult.value",0,1,"",""
"inera-ehds-lm-referral-outcome.referralOutcome.referralOutcomeBody.act.actResult.reference","inera-ehds-lm-referral-outcome.referralOutcome.referralOutcomeBody.act.actResult.reference","","","",0,1,"","","","url {[]} {[]}
","Referens-URL","Referens-URL","","","","","","","","","",,,,,"",,,,"inera-ehds-lm-referral-outcome.referralOutcome.referralOutcomeBody.act.actResult.reference",0,1,"",""
"inera-ehds-lm-referral-outcome.referralOutcome.referralOutcomeBody.attested","inera-ehds-lm-referral-outcome.referralOutcome.referralOutcomeBody.attested","","","",0,1,"","","","BackboneElement {[]} {[]}
","Attestering","Attestering","","","","","","","","","",,,,,"",,,,"inera-ehds-lm-referral-outcome.referralOutcome.referralOutcomeBody.attested",0,1,"","ele-1:All FHIR elements must have a @value or children {hasValue() or (children().count() > id.count())}
"
"inera-ehds-lm-referral-outcome.referralOutcome.referralOutcomeBody.attested.id","inera-ehds-lm-referral-outcome.referralOutcome.referralOutcomeBody.attested.id","","","",0,1,"","","","string {[]} {[]}
","Unique id for inter-element referencing","Unique id for the element within a resource (for internal references). This may be any string value that does not contain spaces.","","","","","","","","","",,,,,"",,,,"Element.id",0,1,"",""
"inera-ehds-lm-referral-outcome.referralOutcome.referralOutcomeBody.attested.extension","inera-ehds-lm-referral-outcome.referralOutcome.referralOutcomeBody.attested.extension","","extensions
user content","",0,*,"","","","Extension {[]} {[]}
","Additional content defined by implementations","May be used to represent additional information that is not part of the basic definition of the element. To make the use of extensions safe and manageable, there is a strict set of governance  applied to the definition and use of extensions. Though any implementer can define an extension, there is a set of requirements that SHALL be met as part of the definition of the extension.","There can be no stigma associated with the use of extensions by any application, project, or standard - regardless of the institution or jurisdiction that uses or defines the extensions.  The use of extensions is what allows the FHIR specification to retain a core level of simplicity for everyone.","","","","","","","","",,,,,"","value:url}
","Extensions are always sliced by (at least) url",,"open","Element.extension",0,*,"","ele-1:All FHIR elements must have a @value or children {hasValue() or (children().count() > id.count())}
ext-1:Must have either extensions or value[x], not both {extension.exists() != value.exists()}"
"inera-ehds-lm-referral-outcome.referralOutcome.referralOutcomeBody.attested.modifierExtension","inera-ehds-lm-referral-outcome.referralOutcome.referralOutcomeBody.attested.modifierExtension","","extensions
user contentmodifiers","",0,*,"","Y","Y","Extension {[]} {[]}
","Extensions that cannot be ignored even if unrecognized","May be used to represent additional information that is not part of the basic definition of the element and that modifies the understanding of the element in which it is contained and/or the understanding of the containing element's descendants. Usually modifier elements provide negation or qualification. To make the use of extensions safe and manageable, there is a strict set of governance applied to the definition and use of extensions. Though any implementer can define an extension, there is a set of requirements that SHALL be met as part of the definition of the extension. Applications processing a resource are required to check for modifier extensions.

Modifier extensions SHALL NOT change the meaning of any elements on Resource or DomainResource (including cannot change the meaning of modifierExtension itself).","There can be no stigma associated with the use of extensions by any application, project, or standard - regardless of the institution or jurisdiction that uses or defines the extensions.  The use of extensions is what allows the FHIR specification to retain a core level of simplicity for everyone.","Modifier extensions allow for extensions that *cannot* be safely ignored to be clearly distinguished from the vast majority of extensions which can be safely ignored.  This promotes interoperability by eliminating the need for implementers to prohibit the presence of extensions. For further information, see the [definition of modifier extensions](http://hl7.org/fhir/R4/extensibility.html#modifierExtension).","","","","","","","",,,,,"",,,,"BackboneElement.modifierExtension",0,*,"","ele-1:All FHIR elements must have a @value or children {hasValue() or (children().count() > id.count())}
ext-1:Must have either extensions or value[x], not both {extension.exists() != value.exists()}"
"inera-ehds-lm-referral-outcome.referralOutcome.referralOutcomeBody.attested.attestedTime","inera-ehds-lm-referral-outcome.referralOutcome.referralOutcomeBody.attested.attestedTime","","","",1,1,"","","","instant {[]} {[]}
","Attest-tidpunkt","Attest-tidpunkt","","","","","","","","","",,,,,"",,,,"inera-ehds-lm-referral-outcome.referralOutcome.referralOutcomeBody.attested.attestedTime",1,1,"",""
"inera-ehds-lm-referral-outcome.referralOutcome.referralOutcomeBody.attested.attesterHSAId","inera-ehds-lm-referral-outcome.referralOutcome.referralOutcomeBody.attested.attesterHSAId","","","",0,1,"","","","Identifier {[]} {[]}
","Attesterarens HSA-id","Attesterarens HSA-id","","","","","","","","","",,,,,"",,,,"inera-ehds-lm-referral-outcome.referralOutcome.referralOutcomeBody.attested.attesterHSAId",0,1,"",""
"inera-ehds-lm-referral-outcome.referralOutcome.referralOutcomeBody.attested.attesterName","inera-ehds-lm-referral-outcome.referralOutcome.referralOutcomeBody.attested.attesterName","","","",0,1,"","","","string {[]} {[]}
","Attesterarens namn","Attesterarens namn","","","","","","","","","",,,,,"",,,,"inera-ehds-lm-referral-outcome.referralOutcome.referralOutcomeBody.attested.attesterName",0,1,"",""
"inera-ehds-lm-referral-outcome.referralOutcome.referralOutcomeBody.referral","inera-ehds-lm-referral-outcome.referralOutcome.referralOutcomeBody.referral","","","",1,1,"","","","BackboneElement {[]} {[]}
","Remissens uppgifter","Remissens uppgifter","","","","","","","","","",,,,,"",,,,"inera-ehds-lm-referral-outcome.referralOutcome.referralOutcomeBody.referral",1,1,"","ele-1:All FHIR elements must have a @value or children {hasValue() or (children().count() > id.count())}
"
"inera-ehds-lm-referral-outcome.referralOutcome.referralOutcomeBody.referral.id","inera-ehds-lm-referral-outcome.referralOutcome.referralOutcomeBody.referral.id","","","",0,1,"","","","string {[]} {[]}
","Unique id for inter-element referencing","Unique id for the element within a resource (for internal references). This may be any string value that does not contain spaces.","","","","","","","","","",,,,,"",,,,"Element.id",0,1,"",""
"inera-ehds-lm-referral-outcome.referralOutcome.referralOutcomeBody.referral.extension","inera-ehds-lm-referral-outcome.referralOutcome.referralOutcomeBody.referral.extension","","extensions
user content","",0,*,"","","","Extension {[]} {[]}
","Additional content defined by implementations","May be used to represent additional information that is not part of the basic definition of the element. To make the use of extensions safe and manageable, there is a strict set of governance  applied to the definition and use of extensions. Though any implementer can define an extension, there is a set of requirements that SHALL be met as part of the definition of the extension.","There can be no stigma associated with the use of extensions by any application, project, or standard - regardless of the institution or jurisdiction that uses or defines the extensions.  The use of extensions is what allows the FHIR specification to retain a core level of simplicity for everyone.","","","","","","","","",,,,,"","value:url}
","Extensions are always sliced by (at least) url",,"open","Element.extension",0,*,"","ele-1:All FHIR elements must have a @value or children {hasValue() or (children().count() > id.count())}
ext-1:Must have either extensions or value[x], not both {extension.exists() != value.exists()}"
"inera-ehds-lm-referral-outcome.referralOutcome.referralOutcomeBody.referral.modifierExtension","inera-ehds-lm-referral-outcome.referralOutcome.referralOutcomeBody.referral.modifierExtension","","extensions
user contentmodifiers","",0,*,"","Y","Y","Extension {[]} {[]}
","Extensions that cannot be ignored even if unrecognized","May be used to represent additional information that is not part of the basic definition of the element and that modifies the understanding of the element in which it is contained and/or the understanding of the containing element's descendants. Usually modifier elements provide negation or qualification. To make the use of extensions safe and manageable, there is a strict set of governance applied to the definition and use of extensions. Though any implementer can define an extension, there is a set of requirements that SHALL be met as part of the definition of the extension. Applications processing a resource are required to check for modifier extensions.

Modifier extensions SHALL NOT change the meaning of any elements on Resource or DomainResource (including cannot change the meaning of modifierExtension itself).","There can be no stigma associated with the use of extensions by any application, project, or standard - regardless of the institution or jurisdiction that uses or defines the extensions.  The use of extensions is what allows the FHIR specification to retain a core level of simplicity for everyone.","Modifier extensions allow for extensions that *cannot* be safely ignored to be clearly distinguished from the vast majority of extensions which can be safely ignored.  This promotes interoperability by eliminating the need for implementers to prohibit the presence of extensions. For further information, see the [definition of modifier extensions](http://hl7.org/fhir/R4/extensibility.html#modifierExtension).","","","","","","","",,,,,"",,,,"BackboneElement.modifierExtension",0,*,"","ele-1:All FHIR elements must have a @value or children {hasValue() or (children().count() > id.count())}
ext-1:Must have either extensions or value[x], not both {extension.exists() != value.exists()}"
"inera-ehds-lm-referral-outcome.referralOutcome.referralOutcomeBody.referral.referralId","inera-ehds-lm-referral-outcome.referralOutcome.referralOutcomeBody.referral.referralId","","","",1,1,"","","","string {[]} {[]}
","Remissens id","Remissens id","","","","","","","","","",,,,,"",,,,"inera-ehds-lm-referral-outcome.referralOutcome.referralOutcomeBody.referral.referralId",1,1,"",""
"inera-ehds-lm-referral-outcome.referralOutcome.referralOutcomeBody.referral.referralReason","inera-ehds-lm-referral-outcome.referralOutcome.referralOutcomeBody.referral.referralReason","","","",1,1,"","","","string {[]} {[]}
","Remissorsak","Remissorsak","","","","","","","","","",,,,,"",,,,"inera-ehds-lm-referral-outcome.referralOutcome.referralOutcomeBody.referral.referralReason",1,1,"",""
"inera-ehds-lm-referral-outcome.referralOutcome.referralOutcomeBody.referral.referralTime","inera-ehds-lm-referral-outcome.referralOutcome.referralOutcomeBody.referral.referralTime","","","",0,1,"","","","instant {[]} {[]}
","Remisstidpunkt","Remisstidpunkt","","","","","","","","","",,,,,"",,,,"inera-ehds-lm-referral-outcome.referralOutcome.referralOutcomeBody.referral.referralTime",0,1,"",""
"inera-ehds-lm-referral-outcome.referralOutcome.referralOutcomeBody.referral.referralAuthor","inera-ehds-lm-referral-outcome.referralOutcome.referralOutcomeBody.referral.referralAuthor","","","",1,1,"","","","BackboneElement {[]} {[]}
","Remittent","Remittent","","","","","","","","","",,,,,"",,,,"inera-ehds-lm-referral-outcome.referralOutcome.referralOutcomeBody.referral.referralAuthor",1,1,"","ele-1:All FHIR elements must have a @value or children {hasValue() or (children().count() > id.count())}
"
"inera-ehds-lm-referral-outcome.referralOutcome.referralOutcomeBody.referral.referralAuthor.id","inera-ehds-lm-referral-outcome.referralOutcome.referralOutcomeBody.referral.referralAuthor.id","","","",0,1,"","","","string {[]} {[]}
","Unique id for inter-element referencing","Unique id for the element within a resource (for internal references). This may be any string value that does not contain spaces.","","","","","","","","","",,,,,"",,,,"Element.id",0,1,"",""
"inera-ehds-lm-referral-outcome.referralOutcome.referralOutcomeBody.referral.referralAuthor.extension","inera-ehds-lm-referral-outcome.referralOutcome.referralOutcomeBody.referral.referralAuthor.extension","","extensions
user content","",0,*,"","","","Extension {[]} {[]}
","Additional content defined by implementations","May be used to represent additional information that is not part of the basic definition of the element. To make the use of extensions safe and manageable, there is a strict set of governance  applied to the definition and use of extensions. Though any implementer can define an extension, there is a set of requirements that SHALL be met as part of the definition of the extension.","There can be no stigma associated with the use of extensions by any application, project, or standard - regardless of the institution or jurisdiction that uses or defines the extensions.  The use of extensions is what allows the FHIR specification to retain a core level of simplicity for everyone.","","","","","","","","",,,,,"","value:url}
","Extensions are always sliced by (at least) url",,"open","Element.extension",0,*,"","ele-1:All FHIR elements must have a @value or children {hasValue() or (children().count() > id.count())}
ext-1:Must have either extensions or value[x], not both {extension.exists() != value.exists()}"
"inera-ehds-lm-referral-outcome.referralOutcome.referralOutcomeBody.referral.referralAuthor.modifierExtension","inera-ehds-lm-referral-outcome.referralOutcome.referralOutcomeBody.referral.referralAuthor.modifierExtension","","extensions
user contentmodifiers","",0,*,"","Y","Y","Extension {[]} {[]}
","Extensions that cannot be ignored even if unrecognized","May be used to represent additional information that is not part of the basic definition of the element and that modifies the understanding of the element in which it is contained and/or the understanding of the containing element's descendants. Usually modifier elements provide negation or qualification. To make the use of extensions safe and manageable, there is a strict set of governance applied to the definition and use of extensions. Though any implementer can define an extension, there is a set of requirements that SHALL be met as part of the definition of the extension. Applications processing a resource are required to check for modifier extensions.

Modifier extensions SHALL NOT change the meaning of any elements on Resource or DomainResource (including cannot change the meaning of modifierExtension itself).","There can be no stigma associated with the use of extensions by any application, project, or standard - regardless of the institution or jurisdiction that uses or defines the extensions.  The use of extensions is what allows the FHIR specification to retain a core level of simplicity for everyone.","Modifier extensions allow for extensions that *cannot* be safely ignored to be clearly distinguished from the vast majority of extensions which can be safely ignored.  This promotes interoperability by eliminating the need for implementers to prohibit the presence of extensions. For further information, see the [definition of modifier extensions](http://hl7.org/fhir/R4/extensibility.html#modifierExtension).","","","","","","","",,,,,"",,,,"BackboneElement.modifierExtension",0,*,"","ele-1:All FHIR elements must have a @value or children {hasValue() or (children().count() > id.count())}
ext-1:Must have either extensions or value[x], not both {extension.exists() != value.exists()}"
"inera-ehds-lm-referral-outcome.referralOutcome.referralOutcomeBody.referral.referralAuthor.authorTime","inera-ehds-lm-referral-outcome.referralOutcome.referralOutcomeBody.referral.referralAuthor.authorTime","","","",1,1,"","","","instant {[]} {[]}
","Tidpunkt","Tidpunkt","","","","","","","","","",,,,,"",,,,"inera-ehds-lm-referral-outcome.referralOutcome.referralOutcomeBody.referral.referralAuthor.authorTime",1,1,"",""
"inera-ehds-lm-referral-outcome.referralOutcome.referralOutcomeBody.referral.referralAuthor.healthcareProfessionalHSAId","inera-ehds-lm-referral-outcome.referralOutcome.referralOutcomeBody.referral.referralAuthor.healthcareProfessionalHSAId","","","",0,1,"","","","Identifier {[]} {[]}
","HSA-id","HSA-id","","","","","","","","","",,,,,"",,,,"inera-ehds-lm-referral-outcome.referralOutcome.referralOutcomeBody.referral.referralAuthor.healthcareProfessionalHSAId",0,1,"",""
"inera-ehds-lm-referral-outcome.referralOutcome.referralOutcomeBody.referral.referralAuthor.healthcareProfessionalName","inera-ehds-lm-referral-outcome.referralOutcome.referralOutcomeBody.referral.referralAuthor.healthcareProfessionalName","","","",0,1,"","","","string {[]} {[]}
","Namn","Namn","","","","","","","","","",,,,,"",,,,"inera-ehds-lm-referral-outcome.referralOutcome.referralOutcomeBody.referral.referralAuthor.healthcareProfessionalName",0,1,"",""
"inera-ehds-lm-referral-outcome.referralOutcome.referralOutcomeBody.referral.referralAuthor.healthcareProfessionalRoleCode","inera-ehds-lm-referral-outcome.referralOutcome.referralOutcomeBody.referral.referralAuthor.healthcareProfessionalRoleCode","","","",0,1,"","","","CodeableConcept {[]} {[]}
","Yrkesroll","Yrkesroll","","","","","","","","","",,,,,"",,,,"inera-ehds-lm-referral-outcome.referralOutcome.referralOutcomeBody.referral.referralAuthor.healthcareProfessionalRoleCode",0,1,"",""
"inera-ehds-lm-referral-outcome.referralOutcome.referralOutcomeBody.referral.referralAuthor.healthcareProfessionalOrgUnit","inera-ehds-lm-referral-outcome.referralOutcome.referralOutcomeBody.referral.referralAuthor.healthcareProfessionalOrgUnit","","","",0,1,"","","","BackboneElement {[]} {[]}
","Org-enhet","Org-enhet","","","","","","","","","",,,,,"",,,,"inera-ehds-lm-referral-outcome.referralOutcome.referralOutcomeBody.referral.referralAuthor.healthcareProfessionalOrgUnit",0,1,"",""
"inera-ehds-lm-referral-outcome.referralOutcome.referralOutcomeBody.referral.careContactId","inera-ehds-lm-referral-outcome.referralOutcome.referralOutcomeBody.referral.careContactId","","","",0,1,"","","","string {[]} {[]}
","Vårdkontaktid","Vårdkontaktid","","","","","","","","","",,,,,"",,,,"inera-ehds-lm-referral-outcome.referralOutcome.referralOutcomeBody.referral.careContactId",0,1,"",""
