"Id","Path","Slice Name","Alias(s)","Label","Min","Max","Must Support?","Is Modifier?","Is Summary?","Type(s)","Short","Definition","Comments","Requirements","Default Value","Meaning When Missing","Fixed Value","Pattern","Example","Minimum Value","Maximum Value","Maximum Length","Binding Strength","Binding Description","Binding Value Set","Code","Slicing Discriminator","Slicing Description","Slicing Ordered","Slicing Rules","Base Path","Base Min","Base Max","Condition(s)","Constraint(s)","Mapping: RIM Mapping","Mapping: FiveWs Pattern Mapping"
"Flag","Flag","","Barriers to Care
AlertWarning","",0,*,"","","","null {[]} {[]}
","Key information to flag to healthcare providers","Prospective warnings of potential issues when providing care to the patient.","","","","","","","","","",,,,,"",,,,"Flag",0,*,"","dom-2:If the resource is contained in another resource, it SHALL NOT contain nested Resources {contained.contained.empty()}
dom-3:If the resource is contained in another resource, it SHALL be referred to from elsewhere in the resource or SHALL refer to the containing resource {contained.where((('#'+id in (%resource.descendants().reference | %resource.descendants().as(canonical) | %resource.descendants().as(uri) | %resource.descendants().as(url))) or descendants().where(reference = '#').exists() or descendants().where(as(canonical) = '#').exists() or descendants().where(as(canonical) = '#').exists()).not()).trace('unmatched', id).empty()}dom-4:If a resource is contained in another resource, it SHALL NOT have a meta.versionId or a meta.lastUpdated {contained.meta.versionId.empty() and contained.meta.lastUpdated.empty()}dom-5:If a resource is contained in another resource, it SHALL NOT have a security label {contained.meta.security.empty()}dom-6:A resource should have narrative for robust management {text.`div`.exists()}","Entity. Role, or Act","Observation[classCode=ISSUE, moodCode=EVN]"
"Flag.id","Flag.id","","","",0,1,"","","Y","id {[]} {[]}
","Logical id of this artifact","The logical id of the resource, as used in the URL for the resource. Once assigned, this value never changes.","The only time that a resource does not have an id is when it is being submitted to the server using a create operation.","","","","","","","","",,,,,"",,,,"Resource.id",0,1,"",""
"Flag.meta","Flag.meta","","","",0,1,"","","Y","Meta {[]} {[]}
","Metadata about the resource","The metadata about the resource. This is content that is maintained by the infrastructure. Changes to the content might not always be associated with version changes to the resource.","","","","","","","","","",,,,,"",,,,"Resource.meta",0,1,"","ele-1:All FHIR elements must have a @value or children {hasValue() or (children().count() > id.count())}
"
"Flag.meta.id","Flag.meta.id","","","",0,1,"","","","string {[]} {[]}
","Unique id for inter-element referencing","Unique id for the element within a resource (for internal references). This may be any string value that does not contain spaces.","","","","","","","","","",,,,,"",,,,"Element.id",0,1,"","","n/a"
"Flag.meta.extension","Flag.meta.extension","","extensions
user content","",0,*,"","","","Extension {[]} {[]}
","Additional content defined by implementations","May be used to represent additional information that is not part of the basic definition of the element. To make the use of extensions safe and manageable, there is a strict set of governance  applied to the definition and use of extensions. Though any implementer can define an extension, there is a set of requirements that SHALL be met as part of the definition of the extension.","There can be no stigma associated with the use of extensions by any application, project, or standard - regardless of the institution or jurisdiction that uses or defines the extensions.  The use of extensions is what allows the FHIR specification to retain a core level of simplicity for everyone.","","","","","","","","",,,,,"","value:url}
","Extensions are always sliced by (at least) url",,"open","Element.extension",0,*,"","ele-1:All FHIR elements must have a @value or children {hasValue() or (children().count() > id.count())}
ext-1:Must have either extensions or value[x], not both {extension.exists() != value.exists()}","n/a"
"Flag.meta.versionId","Flag.meta.versionId","","","",0,1,"","","Y","id {[]} {[]}
","Version specific identifier","The version specific identifier, as it appears in the version portion of the URL. This value changes when the resource is created, updated, or deleted.","The server assigns this value, and ignores what the client specifies, except in the case that the server is imposing version integrity on updates/deletes.","","","","","","","","",,,,,"",,,,"Meta.versionId",0,1,"","ele-1:All FHIR elements must have a @value or children {hasValue() or (children().count() > id.count())}
"
"Flag.meta.lastUpdated","Flag.meta.lastUpdated","","","",0,1,"","","Y","instant {[]} {[]}
","When the resource version last changed","When the resource last changed - e.g. when the version changed.","This value is always populated except when the resource is first being created. The server / resource manager sets this value; what a client provides is irrelevant. This is equivalent to the HTTP Last-Modified and SHOULD have the same value on a [read](http://hl7.org/fhir/R4/http.html#read) interaction.","","","","","","","","",,,,,"",,,,"Meta.lastUpdated",0,1,"","ele-1:All FHIR elements must have a @value or children {hasValue() or (children().count() > id.count())}
"
"Flag.meta.source","Flag.meta.source","","","",0,1,"Y","","Y","uri {[]} {[]}
","Källsystem HSA-id (alertInformationHeader.sourceSystemHSAId)","A uri that identifies the source system of the resource. This provides a minimal amount of [Provenance](http://hl7.org/fhir/R4/provenance.html#) information that can be used to track or differentiate the source of information in the resource. The source may identify another FHIR server, document, message, database, etc.","In the provenance resource, this corresponds to Provenance.entity.what[x]. The exact use of the source (and the implied Provenance.entity.role) is left to implementer discretion. Only one nominated source is allowed; for additional provenance details, a full Provenance resource should be used. 

This element can be used to indicate where the current master source of a resource that has a canonical URL if the resource is no longer hosted at the canonical URL.","","","","","","","","",,,,,"",,,,"Meta.source",0,1,"","ele-1:All FHIR elements must have a @value or children {hasValue() or (children().count() > id.count())}
"
"Flag.meta.profile","Flag.meta.profile","","","",0,*,"","","Y","canonical {[]} {[CanonicalType[http://hl7.org/fhir/StructureDefinition/StructureDefinition|4.0.1]]}
","Profiles this resource claims to conform to","A list of profiles (references to [StructureDefinition](http://hl7.org/fhir/R4/structuredefinition.html#) resources) that this resource claims to conform to. The URL is a reference to [StructureDefinition.url](http://hl7.org/fhir/R4/structuredefinition-definitions.html#StructureDefinition.url).","It is up to the server and/or other infrastructure of policy to determine whether/how these claims are verified and/or updated over time.  The list of profile URLs is a set.","","","","","","","","",,,,,"",,,,"Meta.profile",0,*,"","ele-1:All FHIR elements must have a @value or children {hasValue() or (children().count() > id.count())}
"
"Flag.meta.security","Flag.meta.security","","","",0,*,"Y","","Y","Coding {[]} {[]}
","PDL-kontroll (alertInformationHeader.approvedForPatient) – se PDL-001","Security labels applied to this resource. These tags connect specific resources to the overall security policy and infrastructure.","The security labels can be updated without changing the stated version of the resource. The list of security labels is a set. Uniqueness is based the system/code, and version and display are ignored.","","","","","","","","",,"extensible","Security Labels from the Healthcare Privacy and Security Classification System.","http://hl7.org/fhir/ValueSet/security-labels|4.0.1","",,,,"Meta.security",0,*,"","ele-1:All FHIR elements must have a @value or children {hasValue() or (children().count() > id.count())}
"
"Flag.meta.tag","Flag.meta.tag","","","",0,*,"","","Y","Coding {[]} {[]}
","Tags applied to this resource","Tags applied to this resource. Tags are intended to be used to identify and relate resources to process and workflow, and applications are not required to consider the tags when interpreting the meaning of a resource.","The tags can be updated without changing the stated version of the resource. The list of tags is a set. Uniqueness is based the system/code, and version and display are ignored.","","","","","","","","",,"example","Codes that represent various types of tags, commonly workflow-related; e.g. ""Needs review by Dr. Jones"".","http://hl7.org/fhir/ValueSet/common-tags|4.0.1","",,,,"Meta.tag",0,*,"","ele-1:All FHIR elements must have a @value or children {hasValue() or (children().count() > id.count())}
"
"Flag.implicitRules","Flag.implicitRules","","","",0,1,"","Y","Y","uri {[]} {[]}
","A set of rules under which this content was created","A reference to a set of rules that were followed when the resource was constructed, and which must be understood when processing the content. Often, this is a reference to an implementation guide that defines the special rules along with other profiles etc.","Asserting this rule set restricts the content to be only understood by a limited set of trading partners. This inherently limits the usefulness of the data in the long term. However, the existing health eco-system is highly fractured, and not yet ready to define, collect, and exchange data in a generally computable sense. Wherever possible, implementers and/or specification writers should avoid using this element. Often, when used, the URL is a reference to an implementation guide that defines these special rules as part of it's narrative along with other profiles, value sets, etc.","","","","","","","","",,,,,"",,,,"Resource.implicitRules",0,1,"","ele-1:All FHIR elements must have a @value or children {hasValue() or (children().count() > id.count())}
"
"Flag.language","Flag.language","","","",0,1,"","","","code {[]} {[]}
","Language of the resource content","The base language in which the resource is written.","Language is provided to support indexing and accessibility (typically, services such as text to speech use the language tag). The html language tag in the narrative applies  to the narrative. The language tag on the resource may be used to specify the language of other presentations generated from the data in the resource. Not all the content has to be in the base language. The Resource.language should not be assumed to apply to the narrative automatically. If a language is specified, it should it also be specified on the div element in the html (see rules in HTML5 for information about the relationship between xml:lang and the html lang attribute).","","","","","","","","",,"preferred","A human language.","http://hl7.org/fhir/ValueSet/languages|4.0.1","",,,,"Resource.language",0,1,"","ele-1:All FHIR elements must have a @value or children {hasValue() or (children().count() > id.count())}
"
"Flag.text","Flag.text","","narrative
htmlxhtmldisplay","",0,1,"","","","Narrative {[]} {[]}
","Text summary of the resource, for human interpretation","A human-readable narrative that contains a summary of the resource and can be used to represent the content of the resource to a human. The narrative need not encode all the structured data, but is required to contain sufficient detail to make it ""clinically safe"" for a human to just read the narrative. Resource definitions may define what content should be represented in the narrative to ensure clinical safety.","Contained resources do not have narrative. Resources that are not contained SHOULD have a narrative. In some cases, a resource may only have text with little or no additional discrete data (as long as all minOccurs=1 elements are satisfied).  This may be necessary for data from legacy systems where information is captured as a ""text blob"" or where text is additionally entered raw or narrated and encoded information is added later.","","","","","","","","",,,,,"",,,,"DomainResource.text",0,1,"","ele-1:All FHIR elements must have a @value or children {hasValue() or (children().count() > id.count())}
","Act.text?"
"Flag.contained","Flag.contained","","inline resources
anonymous resourcescontained resources","",0,*,"","","","Resource {[]} {[]}
","Contained, inline Resources","These resources do not have an independent existence apart from the resource that contains them - they cannot be identified independently, and nor can they have their own independent transaction scope.","This should never be done when the content can be identified properly, as once identification is lost, it is extremely difficult (and context dependent) to restore it again. Contained resources may have profiles and tags In their meta elements, but SHALL NOT have security labels.","","","","","","","","",,,,,"",,,,"DomainResource.contained",0,*,"","","N/A"
"Flag.extension","Flag.extension","","","",0,*,"","","","Extension {[]} {[]}
","Extension","An Extension","","","","","","","","","",,,,,"","value:url}
","",,"open","DomainResource.extension",0,*,"","ele-1:All FHIR elements must have a @value or children {hasValue() or (children().count() > id.count())}
ext-1:Must have either extensions or value[x], not both {extension.exists() != value.exists()}"
"Flag.extension:flagDetail","Flag.extension","flagDetail","","",0,*,"Y","","","Extension {[CanonicalType[http://hl7.org/fhir/StructureDefinition/flag-detail]]} {[]}
","Referens till AllergyIntolerance när body = hypersensitivity (R4: flag-detail; R5: supportingInfo)","Points to the Observation, AllergyIntolerance or other record that provides additional supporting information about this flag.","Note that This extension will be replaced by Flag.supportingInfo in the FHIR R6 release.","","","","","","","","",,,,,"",,,,"DomainResource.extension",0,*,"ele-1
","ele-1:All FHIR elements must have a @value or children {hasValue() or (children().count() > id.count())}
ext-1:Must have either extensions or value[x], not both {extension.exists() != value.exists()}"
"Flag.extension:alertInformationComment","Flag.extension","alertInformationComment","","",0,1,"Y","","","Extension {[CanonicalType[https://fhir.inera.se/ig/ehds-tk/StructureDefinition/alert-information-comment]]} {[]}
","Kommentar till uppmärksamhetssignal","Kommentar angående uppmärksamhetssignalen (alertInformationBody.alertInformationComment).
Om obsoleteComment är angivet konkateneras det med prefix 'Inaktiveringskommentar: {obsoleteComment}'.
För body = unstructuredAlertInformation: unstructuredAlertInformationContent läggs här.","","","","","","","","","",,,,,"",,,,"DomainResource.extension",0,*,"ele-1
","ele-1:All FHIR elements must have a @value or children {hasValue() or (children().count() > id.count())}
ext-1:Must have either extensions or value[x], not both {extension.exists() != value.exists()}"
"Flag.extension:alertAscertainedDate","Flag.extension","alertAscertainedDate","","",0,1,"Y","","","Extension {[CanonicalType[https://fhir.inera.se/ig/ehds-tk/StructureDefinition/alert-ascertained-date]]} {[]}
","Datum för konstaterande","Datum då förhållandet som föranledde uppmärksamhetssignalen konstaterades (alertInformationBody.ascertainedDate).","","","","","","","","","",,,,,"",,,,"DomainResource.extension",0,*,"ele-1
","ele-1:All FHIR elements must have a @value or children {hasValue() or (children().count() > id.count())}
ext-1:Must have either extensions or value[x], not both {extension.exists() != value.exists()}"
"Flag.extension:alertVerifiedTime","Flag.extension","alertVerifiedTime","","",0,1,"Y","","","Extension {[CanonicalType[https://fhir.inera.se/ig/ehds-tk/StructureDefinition/alert-verified-time]]} {[]}
","Tidpunkt för verifiering","Tidpunkt då uppmärksamhetssignalen verifierades i det lokala systemet (alertInformationBody.verifiedTime).","","","","","","","","","",,,,,"",,,,"DomainResource.extension",0,*,"ele-1
","ele-1:All FHIR elements must have a @value or children {hasValue() or (children().count() > id.count())}
ext-1:Must have either extensions or value[x], not both {extension.exists() != value.exists()}"
"Flag.extension:alertAssertedDate","Flag.extension","alertAssertedDate","","",0,1,"Y","","","Extension {[CanonicalType[https://fhir.inera.se/ig/ehds-tk/StructureDefinition/alert-asserted-date]]} {[]}
","Signeringstidpunkt för uppmärksamhetssignal","Tidpunkt för signering av uppmärksamhetsinformation (alertInformationHeader.legalAuthenticator.signatureTime).","","","","","","","","","",,,,,"",,,,"DomainResource.extension",0,*,"ele-1
","ele-1:All FHIR elements must have a @value or children {hasValue() or (children().count() > id.count())}
ext-1:Must have either extensions or value[x], not both {extension.exists() != value.exists()}"
"Flag.extension:alertAsserter","Flag.extension","alertAsserter","","",0,1,"Y","","","Extension {[CanonicalType[https://fhir.inera.se/ig/ehds-tk/StructureDefinition/alert-asserter]]} {[]}
","Juridisk äkthetsintygsgivare för uppmärksamhetssignal","HSA-id för juridisk äkthetsintygsgivare (alertInformationHeader.legalAuthenticator.legalAuthenticatorHSAId).","","","","","","","","","",,,,,"",,,,"DomainResource.extension",0,*,"ele-1
","ele-1:All FHIR elements must have a @value or children {hasValue() or (children().count() > id.count())}
ext-1:Must have either extensions or value[x], not both {extension.exists() != value.exists()}"
"Flag.extension:relatedAlertInformation","Flag.extension","relatedAlertInformation","","",0,*,"Y","","","Extension {[CanonicalType[https://fhir.inera.se/ig/ehds-tk/StructureDefinition/related-alert-information]]} {[]}
","Relaterad uppmärksamhetssignal","Information om samband med andra uppmärksamhetssignaler (alertInformationBody.relatedAlertInformation).","","","","","","","","","",,,,,"",,,,"DomainResource.extension",0,*,"ele-1
","ele-1:All FHIR elements must have a @value or children {hasValue() or (children().count() > id.count())}
ext-1:Must have either extensions or value[x], not both {extension.exists() != value.exists()}"
"Flag.extension:degreeOfSeverity","Flag.extension","degreeOfSeverity","","",0,1,"Y","","","Extension {[CanonicalType[https://fhir.inera.se/ig/ehds-tk/StructureDefinition/alert-degree-of-severity]]} {[]}
","Allvarlighetsgrad för överkänslighet","Bedömning av överkänslighetens allvarlighetsgrad (alertInformationBody.hypersensitivity.degreeOfSeverity). KV Allvarlighetsgrad 1.2.752.129.2.2.3.3.","","","","","","","","","",,,,,"",,,,"DomainResource.extension",0,*,"ele-1
","ele-1:All FHIR elements must have a @value or children {hasValue() or (children().count() > id.count())}
ext-1:Must have either extensions or value[x], not both {extension.exists() != value.exists()}"
"Flag.extension:degreeOfCertainty","Flag.extension","degreeOfCertainty","","",0,1,"Y","","","Extension {[CanonicalType[https://fhir.inera.se/ig/ehds-tk/StructureDefinition/alert-degree-of-certainty]]} {[]}
","Visshet för överkänslighet","Visshetsgrad för överkänsligheten (alertInformationBody.hypersensitivity.degreeOfCertainty). KV Visshetsgrad 1.2.752.129.2.2.3.11.","","","","","","","","","",,,,,"",,,,"DomainResource.extension",0,*,"ele-1
","ele-1:All FHIR elements must have a @value or children {hasValue() or (children().count() > id.count())}
ext-1:Must have either extensions or value[x], not both {extension.exists() != value.exists()}"
"Flag.extension:pharmaceuticalHypersensitivity","Flag.extension","pharmaceuticalHypersensitivity","","",0,1,"Y","","","Extension {[CanonicalType[https://fhir.inera.se/ig/ehds-tk/StructureDefinition/alert-pharmaceutical-hypersensitivity]]} {[]}
","Läkemedelsöverkänslighet – substansdetaljer","Kompletterande substansdetaljer för läkemedelsöverkänslighet
(alertInformationBody.hypersensitivity.pharmaceuticalHypersensitivity).
Primär substans: atcSubstance → Flag.code.coding; nonATCSubstance → Flag.code.text.
Denna extension bär kvarvarande detaljer: nonATCSubstanceComment och pharmaceuticalProductId.","","","","","","","","","",,,,,"",,,,"DomainResource.extension",0,*,"ele-1
","ele-1:All FHIR elements must have a @value or children {hasValue() or (children().count() > id.count())}
ext-1:Must have either extensions or value[x], not both {extension.exists() != value.exists()}"
"Flag.extension:treatmentDescription","Flag.extension","treatmentDescription","","",0,1,"Y","","","Extension {[CanonicalType[https://fhir.inera.se/ig/ehds-tk/StructureDefinition/alert-treatment-description]]} {[]}
","Behandlingsbeskrivning","Beskrivning av allvarlig behandling som patienten genomgår (alertInformationBody.treatment.treatmentDescription). Behandlingskod läggs i Flag.code.","","","","","","","","","",,,,,"",,,,"DomainResource.extension",0,*,"ele-1
","ele-1:All FHIR elements must have a @value or children {hasValue() or (children().count() > id.count())}
ext-1:Must have either extensions or value[x], not both {extension.exists() != value.exists()}"
"Flag.extension:pharmaceuticalTreatment","Flag.extension","pharmaceuticalTreatment","","",0,*,"Y","","","Extension {[CanonicalType[https://fhir.inera.se/ig/ehds-tk/StructureDefinition/alert-pharmaceutical-treatment]]} {[]}
","Läkemedel vid behandling","Läkemedel som används vid uppmärksammad behandling, ATC-kod rekommenderas (alertInformationBody.treatment.pharmaceuticalTreatment). Lista med 0..* – ryms ej i Flag.code (1..1).","","","","","","","","","",,,,,"",,,,"DomainResource.extension",0,*,"ele-1
","ele-1:All FHIR elements must have a @value or children {hasValue() or (children().count() > id.count())}
ext-1:Must have either extensions or value[x], not both {extension.exists() != value.exists()}"
"Flag.extension:routeOfTransmission","Flag.extension","routeOfTransmission","","",0,1,"Y","","","Extension {[CanonicalType[https://fhir.inera.se/ig/ehds-tk/StructureDefinition/alert-route-of-transmission]]} {[]}
","Smittväg","Kod för hur sjukdomen smittar (alertInformationBody.communicableDisease.routeOfTransmission). KV Smittväg.","","","","","","","","","",,,,,"",,,,"DomainResource.extension",0,*,"ele-1
","ele-1:All FHIR elements must have a @value or children {hasValue() or (children().count() > id.count())}
ext-1:Must have either extensions or value[x], not both {extension.exists() != value.exists()}"
"Flag.extension:restrictionOfCareComment","Flag.extension","restrictionOfCareComment","","",0,1,"Y","","","Extension {[CanonicalType[https://fhir.inera.se/ig/ehds-tk/StructureDefinition/alert-restriction-of-care-comment]]} {[]}
","Kommentar om vårdbegränsning","Information om uppmärksammat förhållande som inte avser överkänslighet, sjukdom eller behandling (alertInformationBody.restrictionOfCare.restrictionOfCareComment).","","","","","","","","","",,,,,"",,,,"DomainResource.extension",0,*,"ele-1
","ele-1:All FHIR elements must have a @value or children {hasValue() or (children().count() > id.count())}
ext-1:Must have either extensions or value[x], not both {extension.exists() != value.exists()}"
"Flag.modifierExtension","Flag.modifierExtension","","extensions
user content","",0,*,"","Y","","Extension {[]} {[]}
","Extensions that cannot be ignored","May be used to represent additional information that is not part of the basic definition of the resource and that modifies the understanding of the element that contains it and/or the understanding of the containing element's descendants. Usually modifier elements provide negation or qualification. To make the use of extensions safe and manageable, there is a strict set of governance applied to the definition and use of extensions. Though any implementer is allowed to define an extension, there is a set of requirements that SHALL be met as part of the definition of the extension. Applications processing a resource are required to check for modifier extensions.

Modifier extensions SHALL NOT change the meaning of any elements on Resource or DomainResource (including cannot change the meaning of modifierExtension itself).","There can be no stigma associated with the use of extensions by any application, project, or standard - regardless of the institution or jurisdiction that uses or defines the extensions.  The use of extensions is what allows the FHIR specification to retain a core level of simplicity for everyone.","Modifier extensions allow for extensions that *cannot* be safely ignored to be clearly distinguished from the vast majority of extensions which can be safely ignored.  This promotes interoperability by eliminating the need for implementers to prohibit the presence of extensions. For further information, see the [definition of modifier extensions](http://hl7.org/fhir/R4/extensibility.html#modifierExtension).","","","","","","","",,,,,"",,,,"DomainResource.modifierExtension",0,*,"","ele-1:All FHIR elements must have a @value or children {hasValue() or (children().count() > id.count())}
ext-1:Must have either extensions or value[x], not both {extension.exists() != value.exists()}","N/A"
"Flag.identifier","Flag.identifier","","","",0,*,"Y","","Y","Identifier {[]} {[]}
","Dokumentidentifierare (alertInformationHeader.documentId)","Business identifiers assigned to this flag by the performer or other systems which remain constant as the resource is updated and propagates from server to server.","This is a business identifier, not a resource identifier (see [discussion](http://hl7.org/fhir/R4/resource.html#identifiers)).  It is best practice for the identifier to only appear on a single resource instance, however business practices may occasionally dictate that multiple resource instances with the same identifier can exist - possibly even with different resource types.  For example, multiple Patient and a Person resource instance might share the same social insurance number.","Allows identification of the flag as it is known by various participating systems and in a way that remains consistent across servers.","","","","","","","",,,,,"",,,,"Flag.identifier",0,*,"","ele-1:All FHIR elements must have a @value or children {hasValue() or (children().count() > id.count())}
",".id","FiveWs.identifier"
"Flag.status","Flag.status","","","",1,1,"Y","Y","Y","code {[]} {[]}
","Alltid 'active' – inget statusfält i TKBn; returnerade poster är per definition aktiva","Supports basic workflow.","This element is labeled as a modifier because the status contains codes that mark the resource as not currently valid.","","","","","","","","",,"required","Indicates whether this flag is active and needs to be displayed to a user, or whether it is no longer needed or was entered in error.","http://hl7.org/fhir/ValueSet/flag-status|4.0.1","",,,,"Flag.status",1,1,"","ele-1:All FHIR elements must have a @value or children {hasValue() or (children().count() > id.count())}
",".status","FiveWs.status"
"Flag.category","Flag.category","","","",1,*,"","","Y","CodeableConcept {[]} {[]}
","Clinical, administrative, etc.","Allows a flag to be divided into different categories like clinical, administrative etc. Intended to be used as a means of filtering which flags are displayed to particular user or in a given context.","The value set will often need to be adjusted based on local business rules and usage context.","","","","","","","","",,"example","A general category for flags for filtering/display purposes.","http://hl7.org/fhir/ValueSet/flag-category|4.0.1","","pattern:$this}
","",,"open","Flag.category",0,*,"","ele-1:All FHIR elements must have a @value or children {hasValue() or (children().count() > id.count())}
",".code","FiveWs.class"
"Flag.category:alertType","Flag.category","alertType","","",1,1,"Y","","Y","CodeableConcept {[]} {[]}
","Uppmärksamhetstyp (alertInformationBody.typeOfAlertInformation)","Allows a flag to be divided into different categories like clinical, administrative etc. Intended to be used as a means of filtering which flags are displayed to particular user or in a given context.","The value set will often need to be adjusted based on local business rules and usage context.","","","","","","","","",,"example","A general category for flags for filtering/display purposes.","http://hl7.org/fhir/ValueSet/flag-category|4.0.1","",,,,"Flag.category",0,*,"","ele-1:All FHIR elements must have a @value or children {hasValue() or (children().count() > id.count())}
",".code","FiveWs.class"
"Flag.category:hypersensitivityType","Flag.category","hypersensitivityType","","",0,1,"Y","","Y","CodeableConcept {[]} {[]}
","Precisering av överkänslighetstyp (alertInformationBody.hypersensitivity.typeOfHypersensitivity)","Allows a flag to be divided into different categories like clinical, administrative etc. Intended to be used as a means of filtering which flags are displayed to particular user or in a given context.","The value set will often need to be adjusted based on local business rules and usage context.","","","","","","","","",,"example","A general category for flags for filtering/display purposes.","http://hl7.org/fhir/ValueSet/flag-category|4.0.1","",,,,"Flag.category",0,*,"","ele-1:All FHIR elements must have a @value or children {hasValue() or (children().count() > id.count())}
",".code","FiveWs.class"
"Flag.code","Flag.code","","","",1,1,"Y","","Y","CodeableConcept {[]} {[]}
","Klinisk kod per body-typ (XOR):
hypersensitivity: atcSubstance (code.coding) eller hypersensitivityAgentCode (code.coding);
  fritext i code.text (nonATCSubstance / hypersensitivityAgent)
seriousDisease: seriousDisease.disease (ICD10/SNOMED)
treatment: treatment.treatmentCode (KVÅ); tomt CodeableConcept om enbart treatmentDescription
communicableDisease: communicableDiseaseCode (ICD10)
unstructuredAlertInformation: unstructuredAlertInformationHeading som code.text
restrictionOfCare: ingen strukturerad kod; tomt CodeableConcept","The coded value or textual component of the flag to display to the user.","If non-coded, use CodeableConcept.text.  This element should always be included in the narrative.","","","","","","","","",,"example","Detail codes identifying specific flagged issues.","http://hl7.org/fhir/ValueSet/flag-code|4.0.1","",,,,"Flag.code",1,1,"","ele-1:All FHIR elements must have a @value or children {hasValue() or (children().count() > id.count())}
",".value","FiveWs.what[x]"
"Flag.subject","Flag.subject","","","",1,1,"Y","","Y","Reference {[]} {[CanonicalType[https://fhir.inera.se/ig/ehds-tk/StructureDefinition/inera-ehds-patient]]}
","Patient (alertInformationHeader.patientId)","The patient, location, group, organization, or practitioner etc. this is about record this flag is associated with.","","","","","","","","","",,,,,"",,,,"Flag.subject",1,1,"","ele-1:All FHIR elements must have a @value or children {hasValue() or (children().count() > id.count())}
",".participation[typeCode=SBJ].role[classCode=PAT | LOCE | ASSIGNED]","FiveWs.subject[x]","FiveWs.subject"
"Flag.period","Flag.period","","","",0,1,"Y","","Y","Period {[]} {[]}
","Time period when flag is active","The period of time from the activation of the flag to inactivation of the flag. If the flag is active, the end of the period should be unspecified.","","","","","","","","","",,,,,"",,,,"Flag.period",0,1,"","ele-1:All FHIR elements must have a @value or children {hasValue() or (children().count() > id.count())}
","FiveWs.context"
"Flag.period.id","Flag.period.id","","","",0,1,"","","","string {[]} {[]}
","Unique id for inter-element referencing","Unique id for the element within a resource (for internal references). This may be any string value that does not contain spaces.","","","","","","","","","",,,,,"",,,,"Element.id",0,1,"","","n/a"
"Flag.period.extension","Flag.period.extension","","extensions
user content","",0,*,"","","","Extension {[]} {[]}
","Additional content defined by implementations","May be used to represent additional information that is not part of the basic definition of the element. To make the use of extensions safe and manageable, there is a strict set of governance  applied to the definition and use of extensions. Though any implementer can define an extension, there is a set of requirements that SHALL be met as part of the definition of the extension.","There can be no stigma associated with the use of extensions by any application, project, or standard - regardless of the institution or jurisdiction that uses or defines the extensions.  The use of extensions is what allows the FHIR specification to retain a core level of simplicity for everyone.","","","","","","","","",,,,,"","value:url}
","Extensions are always sliced by (at least) url",,"open","Element.extension",0,*,"","ele-1:All FHIR elements must have a @value or children {hasValue() or (children().count() > id.count())}
ext-1:Must have either extensions or value[x], not both {extension.exists() != value.exists()}","n/a"
"Flag.period.start","Flag.period.start","","","",1,1,"Y","","Y","dateTime {[]} {[]}
","Giltighet från (alertInformationBody.validityTimePeriod.start)","The start of the period. The boundary is inclusive.","If the low element is missing, the meaning is that the low boundary is not known.","","","","","","","","",,,,,"",,,,"Period.start",0,1,"per-1
","ele-1:All FHIR elements must have a @value or children {hasValue() or (children().count() > id.count())}
","./low"
"Flag.period.end","Flag.period.end","","","",0,1,"Y","","Y","dateTime {[]} {[]}
","Giltighet till: validityTimePeriod.end (planerat slut) eller obsoleteTime (faktisk inaktivering) – det minsta av dessa","The end of the period. If the end of the period is missing, it means no end was known or planned at the time the instance was created. The start may be in the past, and the end date in the future, which means that period is expected/planned to end at that time.","The high value includes any matching date/time. i.e. 2012-02-03T10:00:00 is in a period that has an end value of 2012-02-03.","","","If the end of the period is missing, it means that the period is ongoing","","","","","",,,,,"",,,,"Period.end",0,1,"per-1
","ele-1:All FHIR elements must have a @value or children {hasValue() or (children().count() > id.count())}
","./high"
"Flag.encounter","Flag.encounter","","","",0,1,"Y","","Y","Reference {[]} {[CanonicalType[http://hl7.org/fhir/StructureDefinition/Encounter|4.0.1]]}
","Kopplad vårdkontakt (alertInformationHeader.careContactId)","This alert is only relevant during the encounter.","If both Flag.encounter and Flag.period are valued, then Flag.period.start shall not be before Encounter.period.start and Flag.period.end shall not be after Encounter.period.end.","","","","","","","","",,,,,"",,,,"Flag.encounter",0,1,"","ele-1:All FHIR elements must have a @value or children {hasValue() or (children().count() > id.count())}
","FiveWs.context"
"Flag.author","Flag.author","","","",0,1,"Y","","Y","Reference {[]} {[CanonicalType[http://hl7.org/fhir/StructureDefinition/PractitionerRole]]}
","Ansvarig hälso- och sjukvårdspersonal (alertInformationHeader.accountableHealthcareProfessional.healthcareProfessionalHSAId)","The person, organization or device that created the flag.","","","","","","","","","",,,,,"",,,,"Flag.author",0,1,"","ele-1:All FHIR elements must have a @value or children {hasValue() or (children().count() > id.count())}
",".participation[typeCode=AUT].role","FiveWs.author"
