URL,Version,Status,OIDs,Name,Title,Description,Uses,Used,Sources
http://dicom.nema.org/medical/dicom/current/output/chtml/part16/sect_CID_29.html,2022.4.20221006,active,"1.2.840.10008.6.1.19",AcquisitionModality,,"Transitive closure of CID 29 AcquisitionModality","StructureDefinition/inera-ehds-imaging-study","DICOM"
http://hl7.org/fhir/ValueSet/additional-instruction-codes,4.0.1,draft,"2.16.840.1.113883.4.642.3.95",SNOMEDCTAdditionalDosageInstructions,SNOMED CT Additional Dosage Instructions,"This value set includes all SNOMED CT Additional Dosage Instructions.","StructureDefinition/inera-ehds-medication-statement","SCT"
http://hl7.org/fhir/ValueSet/address-type,4.0.1,active,"2.16.840.1.113883.4.642.3.69",AddressType,AddressType,"The type of an address (physical / postal).","StructureDefinition/inera-ehds-organization","hl7.fhir.r4.core"
http://hl7.org/fhir/ValueSet/address-use,4.0.1,active,"2.16.840.1.113883.4.642.3.67",AddressUse,AddressUse,"The use of an address.","StructureDefinition/inera-ehds-organization","hl7.fhir.r4.core"
http://hl7.org/fhir/ValueSet/administration-method-codes,4.0.1,draft,"2.16.840.1.113883.4.642.3.97",SNOMEDCTAdministrationMethodCodes,SNOMED CT Administration Method Codes,"This value set includes some method codes from SNOMED CT - provided as an exemplar","StructureDefinition/inera-ehds-medication-statement","SCT"
http://hl7.org/fhir/ValueSet/administrative-gender,4.0.1,active,"2.16.840.1.113883.4.642.3.1",AdministrativeGender,AdministrativeGender,"The gender of a person used for administrative purposes.","StructureDefinition/inera-ehds-patient","hl7.fhir.r4.core"
http://hl7.org/fhir/ValueSet/allergy-intolerance-category,4.0.1,draft,"2.16.840.1.113883.4.642.3.133",AllergyIntoleranceCategory,AllergyIntoleranceCategory,"Category of an identified substance associated with allergies or intolerances.","StructureDefinition/inera-ehds-allergy-intolerance","hl7.fhir.r4.core"
http://hl7.org/fhir/ValueSet/allergy-intolerance-criticality,4.0.1,draft,"2.16.840.1.113883.4.642.3.129",AllergyIntoleranceCriticality,AllergyIntoleranceCriticality,"Estimate of the potential clinical harm, or seriousness, of a reaction to an identified substance.","StructureDefinition/inera-ehds-allergy-intolerance","hl7.fhir.r4.core"
http://hl7.org/fhir/ValueSet/allergy-intolerance-type,4.0.1,draft,"2.16.840.1.113883.4.642.3.131",AllergyIntoleranceType,AllergyIntoleranceType,"Identification of the underlying physiological mechanism for a Reaction Risk.","StructureDefinition/inera-ehds-allergy-intolerance","hl7.fhir.r4.core"
http://hl7.org/fhir/ValueSet/allergyintolerance-clinical,4.0.1,draft,"2.16.840.1.113883.4.642.3.1372",AllergyIntoleranceClinicalStatusCodes,AllergyIntolerance Clinical Status Codes,"Preferred value set for AllergyIntolerance Clinical Status.","StructureDefinition/inera-ehds-allergy-intolerance","THO"
http://hl7.org/fhir/ValueSet/allergyintolerance-verification,4.0.1,draft,"2.16.840.1.113883.4.642.3.1370",AllergyIntoleranceVerificationStatusCodes,AllergyIntolerance Verification Status Codes,"Preferred value set for AllergyIntolerance Verification Status.","StructureDefinition/inera-ehds-allergy-intolerance","THO"
http://hl7.org/fhir/ValueSet/approach-site-codes,4.0.1,draft,"2.16.840.1.113883.4.642.3.346",SNOMEDCTAnatomicalStructureForAdministrationSiteCodes,SNOMED CT Anatomical Structure for Administration Site Codes,"This value set includes Anatomical Structure codes from SNOMED CT - provided as an exemplar.","StructureDefinition/inera-ehds-medication-statement","SCT"
http://hl7.org/fhir/ValueSet/audit-entity-type,4.0.1,draft,"2.16.840.1.113883.4.642.3.458",AuditEventEntityType,Audit event entity type,"Code for the entity type involved in the audit event.","StructureDefinition/inera-ehds-audit-event","THO,hl7.fhir.r4.core"
http://hl7.org/fhir/ValueSet/audit-event-action,4.0.1,draft,"2.16.840.1.113883.4.642.3.452",AuditEventAction,AuditEventAction,"Indicator for type of action performed during the event that generated the event.","StructureDefinition/inera-ehds-audit-event","hl7.fhir.r4.core"
http://hl7.org/fhir/ValueSet/audit-event-outcome,4.0.1,draft,"2.16.840.1.113883.4.642.3.454",AuditEventOutcome,AuditEventOutcome,"Indicates whether the event succeeded or failed.","StructureDefinition/inera-ehds-audit-event","hl7.fhir.r4.core"
http://hl7.org/fhir/ValueSet/audit-event-sub-type,4.0.1,active,"2.16.840.1.113883.4.642.3.464",AuditEventSub-Type,Audit Event Sub-Type,"More detailed code concerning the type of the audit event - defined by DICOM with some FHIR specific additions.","StructureDefinition/inera-ehds-audit-event","DICOM,hl7.fhir.r4.core"
http://hl7.org/fhir/ValueSet/audit-event-type,4.0.1,active,"2.16.840.1.113883.4.642.3.462",AuditEventID,Audit Event ID,"Event Types for Audit Events - defined by DICOM with some FHIR specific additions.","StructureDefinition/inera-ehds-audit-event","THO,DICOM"
http://hl7.org/fhir/ValueSet/audit-source-type,4.0.1,active,"2.16.840.1.113883.4.642.3.466",AuditEventSourceType,Audit Event Source Type,"The type of process where the audit event originated from.","StructureDefinition/inera-ehds-audit-event","THO"
http://hl7.org/fhir/ValueSet/body-site,4.0.1,draft,"2.16.840.1.113883.4.642.3.141",SNOMEDCTBodyStructures,SNOMED CT Body Structures,"This value set includes all codes from [SNOMED CT](http://snomed.info/sct) where concept is-a 442083009 (Anatomical or acquired body site (body structure)).","StructureDefinition/inera-ehds-observation-lab,StructureDefinition/inera-ehds-observation-growth,StructureDefinition/inera-ehds-condition-functional,StructureDefinition/inera-ehds-observation-maternity,StructureDefinition/inera-ehds-observation-base,StructureDefinition/inera-ehds-service-request-referral,StructureDefinition/inera-ehds-immunization,StructureDefinition/inera-ehds-imaging-study,StructureDefinition/inera-ehds-condition-diagnosis","SCT"
http://hl7.org/fhir/ValueSet/bodysite-laterality,4.0.1,draft,"2.16.840.1.113883.4.642.3.287",Laterality,Laterality,"Laterality: SNOMED-CT concepts for 'left', 'right', and 'bilateral'","StructureDefinition/inera-ehds-imaging-study","SCT"
http://hl7.org/fhir/ValueSet/c80-doc-typecodes,4.0.1,active,"2.16.840.1.113883.3.88.12.80.47",DocumentTypeValueSet,Document Type Value Set,"This is the code specifying the precise type of document (e.g. Pulmonary History and  Physical, Discharge Summary, Ultrasound Report, etc.). The Document Type value set includes all LOINC  values listed in HITSP C80 Table 2-144 Document Class Value Set Definition above used for Document Class,  and all LOINC values whose SCALE is DOC in the LOINC database.","StructureDefinition/inera-ehds-document-reference","LOINC"
http://hl7.org/fhir/ValueSet/c80-facilitycodes,4.0.1,active,"2.16.840.1.113883.3.88.12.80.67",FacilityTypeCodeValueSet,Facility Type Code Value Set,"This is the code representing the type of organizational setting where the clinical encounter, service, interaction, or treatment occurred. The value set used for Healthcare Facility Type has been defined by HITSP to be the value set reproduced from HITSP C80 Table 2-147.","StructureDefinition/inera-ehds-document-reference","SCT"
http://hl7.org/fhir/ValueSet/c80-practice-codes,4.0.1,active,"2.16.840.1.113883.3.88.12.80.72",PracticeSettingCodeValueSet,Practice Setting Code Value Set,"This is the code representing the clinical specialty of the clinician or provider who interacted with, treated, or provided a service to/for the patient. The value set used for clinical specialty has been limited by HITSP to the value set reproduced from HITSP C80 Table 2-149 Clinical Specialty Value Set Definition.","StructureDefinition/inera-ehds-document-reference","SCT"
http://hl7.org/fhir/ValueSet/care-plan-activity-kind,4.0.1,draft,"2.16.840.1.113883.4.642.3.145",CarePlanActivityKind,Care Plan Activity Kind,"Resource types defined as part of FHIR that can be represented as in-line definitions of a care plan activity.","StructureDefinition/inera-ehds-care-plan","hl7.fhir.r4.core"
http://hl7.org/fhir/ValueSet/care-plan-activity-outcome,4.0.1,draft,"2.16.840.1.113883.4.642.3.149",CarePlanActivityOutcome,Care Plan Activity Outcome,"Example codes indicating the outcome of a care plan activity. Note that these are in no way complete and might not even be appropriate for some uses.","StructureDefinition/inera-ehds-care-plan","SCT"
http://hl7.org/fhir/ValueSet/care-plan-activity-status,4.0.1,draft,"2.16.840.1.113883.4.642.3.146",CarePlanActivityStatus,CarePlanActivityStatus,"Codes that reflect the current state of a care plan activity within its overall life cycle.","StructureDefinition/inera-ehds-care-plan","hl7.fhir.r4.core"
http://hl7.org/fhir/ValueSet/care-plan-intent,4.0.1,draft,"2.16.840.1.113883.4.642.3.150",CarePlanIntent,Care Plan Intent,"Codes indicating the degree of authority/intentionality associated with a care plan.","StructureDefinition/inera-ehds-care-plan","hl7.fhir.r4.core"
http://hl7.org/fhir/ValueSet/clinical-findings,4.0.1,draft,"2.16.840.1.113883.4.642.3.232",SNOMEDCTClinicalFindings,SNOMED CT Clinical Findings,"This value set includes all the ""Clinical finding"" [SNOMED CT](http://snomed.info/sct) codes - concepts where concept is-a 404684003 (Clinical finding (finding)).","StructureDefinition/inera-ehds-diagnostic-report-referral,StructureDefinition/inera-ehds-diagnostic-report-imaging,StructureDefinition/inera-ehds-diagnostic-report-lab,StructureDefinition/inera-ehds-care-plan","SCT"
http://hl7.org/fhir/ValueSet/common-tags,4.0.1,draft,"2.16.840.1.113883.4.642.3.79",CommonTags,Common Tags,"Common Tag Codes defined by FHIR project","StructureDefinition/inera-ehds-medication-statement,StructureDefinition/inera-ehds-encounter,StructureDefinition/inera-ehds-observation-maternity,StructureDefinition/inera-ehds-task,StructureDefinition/inera-ehds-flag,StructureDefinition/inera-ehds-immunization,StructureDefinition/inera-ehds-care-plan,StructureDefinition/inera-ehds-diagnostic-report-lab,StructureDefinition/inera-ehds-condition-diagnosis,StructureDefinition/inera-ehds-observation-growth,StructureDefinition/inera-ehds-document-reference,StructureDefinition/inera-ehds-condition-functional,StructureDefinition/inera-ehds-diagnostic-report-referral,StructureDefinition/inera-ehds-diagnostic-report-imaging,StructureDefinition/inera-ehds-service-request-referral,StructureDefinition/inera-ehds-observation-base,StructureDefinition/inera-ehds-imaging-study,StructureDefinition/inera-ehds-allergy-intolerance","THO"
http://hl7.org/fhir/ValueSet/composition-status,4.0.1,draft,"2.16.840.1.113883.4.642.3.241",CompositionStatus,CompositionStatus,"The workflow/clinical status of the composition.","StructureDefinition/inera-ehds-document-reference","hl7.fhir.r4.core"
http://hl7.org/fhir/ValueSet/condition-clinical,4.0.1,draft,"2.16.840.1.113883.4.642.3.164",ConditionClinicalStatusCodes,Condition Clinical Status Codes,"Preferred value set for Condition Clinical Status.","StructureDefinition/inera-ehds-condition-functional,StructureDefinition/inera-ehds-condition-diagnosis","THO"
http://hl7.org/fhir/ValueSet/condition-code,4.0.1,draft,"2.16.840.1.113883.4.642.3.161",Condition/Problem/DiagnosisCodes,Condition/Problem/Diagnosis Codes,"Example value set for Condition/Problem/Diagnosis codes.","StructureDefinition/inera-ehds-medication-statement","SCT"
http://hl7.org/fhir/ValueSet/condition-severity,4.0.1,draft,"2.16.840.1.113883.4.642.3.168",Condition/DiagnosisSeverity,Condition/Diagnosis Severity,"Preferred value set for Condition/Diagnosis severity grading.","StructureDefinition/inera-ehds-condition-functional,StructureDefinition/inera-ehds-condition-diagnosis","SCT"
http://hl7.org/fhir/ValueSet/condition-stage,4.0.1,draft,"2.16.840.1.113883.4.642.3.170",ConditionStage,Condition Stage,"Example value set for stages of cancer and other conditions.","StructureDefinition/inera-ehds-condition-functional,StructureDefinition/inera-ehds-condition-diagnosis","SCT"
http://hl7.org/fhir/ValueSet/condition-stage-type,4.0.1,draft,"2.16.840.1.113883.4.642.3.171",ConditionStageType,Condition Stage Type,"Example value set for the type of stages of cancer and other conditions","StructureDefinition/inera-ehds-condition-functional,StructureDefinition/inera-ehds-condition-diagnosis","SCT"
http://hl7.org/fhir/ValueSet/condition-ver-status,4.0.1,draft,"2.16.840.1.113883.4.642.3.166",ConditionVerificationStatus,ConditionVerificationStatus,"The verification status to support or decline the clinical status of the condition or diagnosis.","StructureDefinition/inera-ehds-condition-functional,StructureDefinition/inera-ehds-condition-diagnosis","THO"
http://hl7.org/fhir/ValueSet/contactentity-type,4.0.1,draft,"2.16.840.1.113883.4.642.3.416",ContactEntityType,Contact entity type,"This example value set defines a set of codes that can be used to indicate the purpose for which you would contact a contact party.","StructureDefinition/inera-ehds-organization","THO"
http://hl7.org/fhir/ValueSet/data-absent-reason,4.0.1,active,"2.16.840.1.113883.4.642.3.5",DataAbsentReason,DataAbsentReason,"Used to specify why the normally expected content of the data element is missing.","StructureDefinition/inera-ehds-observation-lab,StructureDefinition/inera-ehds-observation-growth,StructureDefinition/inera-ehds-observation-maternity,StructureDefinition/inera-ehds-observation-base","THO"
http://hl7.org/fhir/ValueSet/device-nametype,4.0.1,draft,"2.16.840.1.113883.4.642.3.1083",DeviceNameType,DeviceNameType,"The type of name the device is referred by.","StructureDefinition/inera-ehds-device","hl7.fhir.r4.core"
http://hl7.org/fhir/ValueSet/device-status,4.0.1,draft,"2.16.840.1.113883.4.642.3.209",FHIRDeviceStatus,FHIRDeviceStatus,"The availability status of the device.","StructureDefinition/inera-ehds-device","hl7.fhir.r4.core"
http://hl7.org/fhir/ValueSet/device-status-reason,4.0.1,draft,"2.16.840.1.113883.4.642.3.1081",FHIRDeviceStatusReason,FHIRDeviceStatusReason,"The availability status reason of the device.","StructureDefinition/inera-ehds-device","THO"
http://hl7.org/fhir/ValueSet/device-type,4.0.1,draft,"2.16.840.1.113883.4.642.3.1376",DeviceType,Device Type,"Codes used to identify medical devices. Includes concepts from SNOMED CT (http://www.snomed.org/) where concept is-a 49062001 (Device)  and is provided as a suggestive example.","StructureDefinition/inera-ehds-device","SCT"
http://hl7.org/fhir/ValueSet/diagnosis-role,4.0.1,draft,"2.16.840.1.113883.4.642.3.49",DiagnosisRole,DiagnosisRole,"This value set defines a set of codes that can be used to express the role of a diagnosis on the Encounter or EpisodeOfCare record.","StructureDefinition/inera-ehds-encounter","THO"
http://hl7.org/fhir/ValueSet/diagnostic-report-status,4.0.1,draft,"2.16.840.1.113883.4.642.3.235",DiagnosticReportStatus,DiagnosticReportStatus,"The status of the diagnostic report.","StructureDefinition/inera-ehds-diagnostic-report-referral,StructureDefinition/inera-ehds-diagnostic-report-imaging,StructureDefinition/inera-ehds-diagnostic-report-lab","hl7.fhir.r4.core"
http://hl7.org/fhir/ValueSet/diagnostic-service-sections,4.0.1,draft,"2.16.840.1.113883.4.642.3.234",DiagnosticServiceSectionCodes,Diagnostic Service Section Codes,"This value set includes all the codes in HL7 V2 table 0074.","StructureDefinition/inera-ehds-diagnostic-report-referral,StructureDefinition/inera-ehds-diagnostic-report-imaging,StructureDefinition/inera-ehds-diagnostic-report-lab","THO (V2)"
http://hl7.org/fhir/ValueSet/dicm-405-mediatype,4.0.1,active,"1.2.840.10008.6.​1.​908",MediaTypeCode,Media Type Code,"Media Type Code","StructureDefinition/inera-ehds-audit-event","DICOM"
http://hl7.org/fhir/ValueSet/document-classcodes,4.0.1,active,"2.16.840.1.113883.3.88.12.80.46",DocumentClassValueSet,Document Class Value Set,"This is the code specifying the high-level kind of document (e.g. Prescription, Discharge Summary, Report, etc.). Note: Class code for documents comes from LOINC, and is based upon one of the following:The type of service described by the document. It is described at a very high level in Section 7.3 of the LOINC Manual. The type study performed. It was determined by identifying modalities for study reports. The section of the chart where the document is placed. It was determined from the SETs created for Claims Attachment requests.","StructureDefinition/inera-ehds-document-reference","LOINC"
http://hl7.org/fhir/ValueSet/document-reference-status,4.0.1,draft,"2.16.840.1.113883.4.642.3.7",DocumentReferenceStatus,DocumentReferenceStatus,"The status of the document reference.","StructureDefinition/inera-ehds-document-reference","hl7.fhir.r4.core"
http://hl7.org/fhir/ValueSet/document-relationship-type,4.0.1,draft,"2.16.840.1.113883.4.642.3.244",DocumentRelationshipType,DocumentRelationshipType,"The type of relationship between documents.","StructureDefinition/inera-ehds-document-reference","hl7.fhir.r4.core"
http://hl7.org/fhir/ValueSet/dose-rate-type,4.0.1,draft,"2.16.840.1.113883.4.642.3.981",DoseAndRateType,DoseAndRateType,"The kind of dose or rate specified.","StructureDefinition/inera-ehds-medication-statement","THO"
http://hl7.org/fhir/ValueSet/encounter-admit-source,4.0.1,draft,"2.16.840.1.113883.4.642.3.257",AdmitSource,Admit source,"This value set defines a set of codes that can be used to indicate from where the patient came in.","StructureDefinition/inera-ehds-encounter","THO"
http://hl7.org/fhir/ValueSet/encounter-diet,4.0.1,draft,"2.16.840.1.113883.4.642.3.255",Diet,Diet,"This value set defines a set of codes that can be used to indicate dietary preferences or restrictions a patient may have.","StructureDefinition/inera-ehds-encounter","THO"
http://hl7.org/fhir/ValueSet/encounter-discharge-disposition,4.0.1,draft,"2.16.840.1.113883.4.642.3.259",DischargeDisposition,Discharge disposition,"This value set defines a set of codes that can be used to where the patient left the hospital.","StructureDefinition/inera-ehds-encounter","THO"
http://hl7.org/fhir/ValueSet/encounter-location-status,4.0.1,draft,"2.16.840.1.113883.4.642.3.262",EncounterLocationStatus,EncounterLocationStatus,"The status of the location.","StructureDefinition/inera-ehds-encounter","hl7.fhir.r4.core"
http://hl7.org/fhir/ValueSet/encounter-participant-type,4.0.1,draft,"2.16.840.1.113883.4.642.3.250",ParticipantType,Participant type,"This value set defines a set of codes that can be used to indicate how an individual participates in an encounter.","StructureDefinition/inera-ehds-encounter","THO (V3),THO"
http://hl7.org/fhir/ValueSet/encounter-reason,4.0.1,draft,"2.16.840.1.113883.4.642.3.261",EncounterReasonCodes,Encounter Reason Codes,"This examples value set defines the set of codes that can be used to indicate reasons for an encounter.","StructureDefinition/inera-ehds-encounter","SCT"
http://hl7.org/fhir/ValueSet/encounter-special-arrangements,4.0.1,draft,"2.16.840.1.113883.4.642.3.253",SpecialArrangements,Special arrangements,"This value set defines a set of codes that can be used to indicate the kinds of special arrangements in place for a patients visit.","StructureDefinition/inera-ehds-encounter","THO"
http://hl7.org/fhir/ValueSet/encounter-special-courtesy,4.0.1,draft,"2.16.840.1.113883.4.642.3.252",SpecialCourtesy,Special courtesy,"This value set defines a set of codes that can be used to indicate special courtesies provided to the patient.","StructureDefinition/inera-ehds-encounter","THO (V3)"
http://hl7.org/fhir/ValueSet/encounter-status,4.0.1,draft,"2.16.840.1.113883.4.642.3.246",EncounterStatus,EncounterStatus,"Current state of the encounter.","StructureDefinition/inera-ehds-encounter","hl7.fhir.r4.core"
http://hl7.org/fhir/ValueSet/encounter-type,4.0.1,draft,"2.16.840.1.113883.4.642.3.248",EncounterType,Encounter type,"This example value set defines a set of codes that can be used to indicate the type of encounter: a specific code indicating type of service provided.","StructureDefinition/inera-ehds-encounter","THO"
http://hl7.org/fhir/ValueSet/flag-category,4.0.1,draft,"2.16.840.1.113883.4.642.3.122",FlagCategory,Flag Category,"Example list of general categories for flagged issues. (Not complete or necessarily appropriate.)","StructureDefinition/inera-ehds-flag","THO"
http://hl7.org/fhir/ValueSet/flag-code,4.0.1,draft,"2.16.840.1.113883.4.642.3.124",FlagCode,Flag Code,"Example list of detail codes for flagged issues.  (Not complete or necessarily appropriate.)","StructureDefinition/inera-ehds-flag","SCT"
http://hl7.org/fhir/ValueSet/flag-status,4.0.1,draft,"2.16.840.1.113883.4.642.3.120",FlagStatus,FlagStatus,"Indicates whether this flag is active and needs to be displayed to a user, or whether it is no longer needed or was entered in error.","StructureDefinition/inera-ehds-flag","hl7.fhir.r4.core"
http://hl7.org/fhir/ValueSet/formatcodes,4.0.1,active,"1.3.6.1.4.1.19376.1.2.7.1",DocumentReferenceFormatCodeSet,DocumentReference Format Code Set,"The value set is defined to be the set of format codes defined by the IHE Technical Framework, and also including additional format codes defined by the    HL7. The value set is listed in HITSP C80 Table 2-153 Format Code Value Set Definition,    with additions published later by IHE as published    at http://wiki.ihe.net/index.php?title=IHE_Format_Codes   and with additions published later by HL7 as published at https://confluence.hl7.org/display/SD/Format+Codes+for+IHE+XDS.   This is the code specifying the technical format of the document. Along with the typeCode,    it should provide sufficient information to allow any potential document consumer to know    if it will be able to process the document. The code shall be sufficiently specific to    ensure processing/display by identifying a document encoding, structure and template. The actual list of codes here is incomplete","StructureDefinition/inera-ehds-document-reference","Other"
http://hl7.org/fhir/ValueSet/identifier-type,4.0.1,active,"2.16.840.1.113883.4.642.3.45",Identifier Type Codes,IdentifierType,"A coded type for an identifier that can be used to determine which identifier to use for a specific purpose.","StructureDefinition/inera-ehds-lm-imaging-outcome,StructureDefinition/inera-ehds-observation-growth,StructureDefinition/inera-ehds-patient,StructureDefinition/inera-ehds-observation-base,StructureDefinition/inera-ehds-organization,StructureDefinition/inera-ehds-lm-maternity-medical-history,StructureDefinition/inera-ehds-lm-referral-outcome","THO (V2)"
http://hl7.org/fhir/ValueSet/identifier-use,4.0.1,active,"2.16.840.1.113883.4.642.3.57",IdentifierUse,IdentifierUse,"Identifies the purpose for this identifier, if known .","StructureDefinition/inera-ehds-lm-imaging-outcome,StructureDefinition/inera-ehds-observation-growth,StructureDefinition/inera-ehds-patient,StructureDefinition/inera-ehds-observation-base,StructureDefinition/inera-ehds-organization,StructureDefinition/inera-ehds-lm-maternity-medical-history,StructureDefinition/inera-ehds-lm-referral-outcome","hl7.fhir.r4.core"
http://hl7.org/fhir/ValueSet/immunization-function,4.0.1,draft,"2.16.840.1.113883.4.642.3.995",ImmunizationFunctionCodes,Immunization Function Codes,"The value set to instantiate this attribute should be drawn from a terminologically robust code system that consists of or contains concepts to support describing the function a practitioner or organization may play in the immunization event. This value set is provided as a suggestive example.","StructureDefinition/inera-ehds-immunization","THO (V2)"
http://hl7.org/fhir/ValueSet/immunization-funding-source,4.0.1,draft,"2.16.840.1.113883.4.642.3.293",ImmunizationFundingSource,Immunization Funding Source,"The value set to instantiate this attribute should be drawn from a terminologically robust code system that consists of or contains concepts to support describing the source of the vaccine administered. This value set is provided as a suggestive example.","StructureDefinition/inera-ehds-immunization","THO"
http://hl7.org/fhir/ValueSet/immunization-origin,4.0.1,draft,"2.16.840.1.113883.4.642.3.296",ImmunizationOriginCodes,Immunization Origin Codes,"The value set to instantiate this attribute should be drawn from a terminologically robust code system that consists of or contains concepts to support describing the source of the data when the report of the immunization event is not based on information from the person, entity or organization who administered the vaccine. This value set is provided as a suggestive example.","StructureDefinition/inera-ehds-immunization","THO"
http://hl7.org/fhir/ValueSet/immunization-program-eligibility,4.0.1,draft,"2.16.840.1.113883.4.642.3.291",ImmunizationProgramEligibility,Immunization Program Eligibility,"The value set to instantiate this attribute should be drawn from a terminologically robust code system that consists of or contains concepts to support describing the patient's eligibility for a vaccination program. This value set is provided as a suggestive example.","StructureDefinition/inera-ehds-immunization","THO"
http://hl7.org/fhir/ValueSet/immunization-reason,4.0.1,draft,"2.16.840.1.113883.4.642.3.290",ImmunizationReasonCodes,Immunization Reason Codes,"The value set to instantiate this attribute should be drawn from a terminologically robust code system that consists of or contains concepts to support describing the reason why a dose of vaccine was administered. This value set is provided as a suggestive example.","StructureDefinition/inera-ehds-immunization","SCT"
http://hl7.org/fhir/ValueSet/immunization-status,4.0.1,draft,"2.16.840.1.113883.4.642.3.295",ImmunizationStatusCodes,Immunization Status Codes,"The value set to instantiate this attribute should be drawn from a terminologically robust code system that consists of or contains concepts to support describing the current status of the administered dose of vaccine.","StructureDefinition/inera-ehds-immunization","hl7.fhir.r4.core"
http://hl7.org/fhir/ValueSet/immunization-status-reason,4.0.1,draft,"2.16.840.1.113883.4.642.3.992",ImmunizationStatusReasonCodes,Immunization Status Reason Codes,"The value set to instantiate this attribute should be drawn from a terminologically robust code system that consists of or contains concepts to support describing the reason why a dose of vaccine was not administered. This value set is provided as a suggestive example.","StructureDefinition/inera-ehds-immunization","THO (V3),SCT"
http://hl7.org/fhir/ValueSet/immunization-subpotent-reason,4.0.1,draft,"2.16.840.1.113883.4.642.3.993",ImmunizationSubpotentReason,Immunization Subpotent Reason,"The value set to instantiate this attribute should be drawn from a terminologically robust code system that consists of or contains concepts to support describing the reason why a dose is considered to be subpotent. This value set is provided as a suggestive example.","StructureDefinition/inera-ehds-immunization","THO"
http://hl7.org/fhir/ValueSet/languages,4.0.1,draft,"2.16.840.1.113883.4.642.3.20",CommonLanguages,Common Languages,"This value set includes common codes from BCP-47 (http://tools.ietf.org/html/bcp47)","StructureDefinition/inera-ehds-audit-event,StructureDefinition/inera-ehds-medication-statement,StructureDefinition/inera-ehds-encounter,StructureDefinition/inera-ehds-observation-maternity,StructureDefinition/inera-ehds-task,StructureDefinition/inera-ehds-flag,StructureDefinition/inera-ehds-organization,StructureDefinition/inera-ehds-device,StructureDefinition/inera-ehds-immunization,StructureDefinition/inera-ehds-care-plan,StructureDefinition/inera-ehds-diagnostic-report-lab,StructureDefinition/inera-ehds-condition-diagnosis,StructureDefinition/inera-ehds-observation-lab,StructureDefinition/inera-ehds-observation-growth,StructureDefinition/inera-ehds-document-reference,StructureDefinition/inera-ehds-condition-functional,StructureDefinition/inera-ehds-diagnostic-report-referral,StructureDefinition/inera-ehds-patient,StructureDefinition/inera-ehds-diagnostic-report-imaging,StructureDefinition/inera-ehds-provenance,StructureDefinition/inera-ehds-service-request-referral,StructureDefinition/inera-ehds-observation-base,StructureDefinition/inera-ehds-imaging-study,StructureDefinition/inera-ehds-allergy-intolerance","hl7.fhir.uv.xver-r5.r4"
http://hl7.org/fhir/ValueSet/link-type,4.0.1,active,"2.16.840.1.113883.4.642.3.423",LinkType,LinkType,"The type of link between this patient resource and another patient resource.","StructureDefinition/inera-ehds-patient","hl7.fhir.r4.core"
http://hl7.org/fhir/ValueSet/location-physical-type,4.0.1,draft,"2.16.840.1.113883.4.642.3.328",LocationType,Location type,"This example value set defines a set of codes that can be used to indicate the physical form of the Location.","StructureDefinition/inera-ehds-encounter","THO"
http://hl7.org/fhir/ValueSet/manifestation-or-symptom,4.0.1,draft,"2.16.840.1.113883.4.642.3.169",ManifestationAndSymptomCodes,Manifestation and Symptom Codes,"Example value set for Manifestation and Symptom codes.","StructureDefinition/inera-ehds-condition-functional,StructureDefinition/inera-ehds-condition-diagnosis","SCT"
http://hl7.org/fhir/ValueSet/marital-status,4.0.1,active,"2.16.840.1.113883.4.642.3.29",Marital Status Codes,MaritalStatus,"This value set defines the set of codes that can be used to indicate the marital status of a person.","StructureDefinition/inera-ehds-patient","THO (V3)"
http://hl7.org/fhir/ValueSet/medication-as-needed-reason,4.0.1,draft,"2.16.840.1.113883.4.642.3.96",SNOMEDCTMedicationAsNeededReasonCodes,SNOMED CT Medication As Needed Reason Codes,"This value set includes all clinical findings from SNOMED CT - provided as an exemplar value set.","StructureDefinition/inera-ehds-medication-statement,StructureDefinition/inera-ehds-service-request-referral","SCT"
http://hl7.org/fhir/ValueSet/medication-codes,4.0.1,draft,"2.16.840.1.113883.4.642.3.375",SNOMEDCTMedicationCodes,SNOMED CT Medication Codes,"This value set includes all drug or medicament substance codes and all pharmaceutical/biologic products from SNOMED CT - provided as an exemplar value set.","StructureDefinition/inera-ehds-care-plan","SCT"
http://hl7.org/fhir/ValueSet/medication-statement-category,4.0.1,draft,"2.16.840.1.113883.4.642.3.370",Medication usage category codes,Medication usage category codes,"Medication Status Codes","StructureDefinition/inera-ehds-medication-statement","THO"
http://hl7.org/fhir/ValueSet/medication-statement-status,4.0.1,draft,"2.16.840.1.113883.4.642.3.367",Medication Status Codes,Medication  status  codes,"Medication Status Codes","StructureDefinition/inera-ehds-medication-statement","hl7.fhir.r4.core"
http://hl7.org/fhir/ValueSet/mimetypes,4.0.1,active,"2.16.840.1.113883.4.642.3.1024",Mime Types,MimeType,"This value set includes all possible codes from BCP-13 (http://tools.ietf.org/html/bcp13)","StructureDefinition/inera-ehds-document-reference","Other"
http://hl7.org/fhir/ValueSet/name-use,4.0.1,active,"2.16.840.1.113883.4.642.3.65",NameUse,NameUse,"The use of a human name.","StructureDefinition/inera-ehds-patient","hl7.fhir.r4.core"
http://hl7.org/fhir/ValueSet/network-type,4.0.1,draft,"2.16.840.1.113883.4.642.3.456",AuditEventAgentNetworkType,AuditEventAgentNetworkType,"The type of network access point of this agent in the audit event.","StructureDefinition/inera-ehds-audit-event","hl7.fhir.r4.core"
http://hl7.org/fhir/ValueSet/object-lifecycle-events,4.0.1,draft,,ObjectLifecycleEvents,,"This example FHIR value set is comprised of lifecycle event codes. The FHIR Actor value set is based on    DICOM Audit Message, ParticipantObjectDataLifeCycle;   ISO Standard, TS 21089-2017;  ","StructureDefinition/inera-ehds-audit-event","THO"
http://hl7.org/fhir/ValueSet/object-role,4.0.1,draft,"2.16.840.1.113883.4.642.3.460",AuditEventEntityRole,AuditEventEntityRole,"Code representing the role the entity played in the audit event.","StructureDefinition/inera-ehds-audit-event","THO"
http://hl7.org/fhir/ValueSet/observation-category,4.0.1,draft,"2.16.840.1.113883.4.642.3.403",ObservationCategoryCodes,Observation Category Codes,"Observation Category codes.","StructureDefinition/inera-ehds-observation-lab,StructureDefinition/inera-ehds-observation-growth,StructureDefinition/inera-ehds-observation-maternity,StructureDefinition/inera-ehds-observation-base","THO"
http://hl7.org/fhir/ValueSet/observation-codes,4.0.1,draft,"2.16.840.1.113883.4.642.3.396",LOINCCodes,LOINC Codes,"This value set includes all LOINC codes","StructureDefinition/inera-ehds-observation-lab,StructureDefinition/inera-ehds-observation-growth,StructureDefinition/inera-ehds-observation-maternity,StructureDefinition/inera-ehds-observation-base","LOINC"
http://hl7.org/fhir/ValueSet/observation-interpretation,4.0.1,active,"2.16.840.1.113883.4.642.3.399",ObservationInterpretationCodes,Observation Interpretation Codes,"A categorical assessment, providing a rough qualitative interpretation of the observation value,    such as “normal”/ “abnormal”,”low” / “high”, “better” / “worse”, “susceptible” / “resistant”, “expected”/ “not expected”.    The value set is intended to be for ANY use where coded representation of an interpretation is needed.             Notes:          This is being communicated in v2.x in OBX-8 (Observation Interpretation), in v3 in ObservationInterpretation (CWE) in R1 (Representative Realm) and in FHIR in    Observation.interpretation. Historically these values come from the laboratory domain, and these codes are extensively    used. The value set binding is extensible, so codes outside the value set that are needed for interpretation concepts    (i.e. particular meanings) that are not included in the value set can be used, and these new codes may also be added to    the value set and published in a future version.","StructureDefinition/inera-ehds-observation-lab,StructureDefinition/inera-ehds-observation-growth,StructureDefinition/inera-ehds-observation-maternity,StructureDefinition/inera-ehds-observation-base","THO (V3)"
http://hl7.org/fhir/ValueSet/observation-methods,4.0.1,draft,"2.16.840.1.113883.4.642.3.395",ObservationMethods,Observation Methods,"Observation Method codes from [SNOMED CT](http://snomed.info/sct) where concept is-a 272394005 (Technique (qualifier value)) or is-a 129264002 (Action (qualifier value)) or is-a 386053000 (Evaluation procedure(procedure))","StructureDefinition/inera-ehds-observation-lab,StructureDefinition/inera-ehds-observation-growth,StructureDefinition/inera-ehds-observation-maternity,StructureDefinition/inera-ehds-observation-base","SCT"
http://hl7.org/fhir/ValueSet/observation-status,4.0.1,active,"2.16.840.1.113883.4.642.3.400",ObservationStatus,ObservationStatus,"Codes providing the status of an observation.","StructureDefinition/inera-ehds-observation-lab,StructureDefinition/inera-ehds-observation-maternity","hl7.fhir.r4.core"
http://hl7.org/fhir/ValueSet/organization-type,4.0.1,draft,"2.16.840.1.113883.4.642.3.414",OrganizationType,Organization type,"This example value set defines a set of codes that can be used to indicate a type of organization.","StructureDefinition/inera-ehds-organization","THO"
http://hl7.org/fhir/ValueSet/participant-role,4.0.1,draft,"2.16.840.1.113883.4.642.3.152",ParticipantRoles,Participant Roles,"Roles of participants that may be included in a care team.  Defined as: Is a Person, Healthcare professional (occupation) or Healthcare related organization (qualifier value).","StructureDefinition/inera-ehds-service-request-referral","SCT"
http://hl7.org/fhir/ValueSet/participation-role-type,4.0.1,draft,"2.16.840.1.113883.4.642.3.54",ParticipationRoleType,ParticipationRoleType,"This FHIR value set is comprised of Actor participation Type codes, which can be used to value FHIR agents, actors, and other role         elements. The FHIR Actor participation type value set is based on    DICOM Audit Message, C402;   ASTM Standard, E1762-95 [2013]; selected codes and          derived actor roles from HL7 RoleClass OID 2.16.840.1.113883.5.110;    HL7 Role Code 2.16.840.1.113883.5.111, including AgentRoleType;          HL7 ParticipationType OID: 2.16.840.1.113883.5.90; and    HL7 ParticipationFunction codes OID: 2.16.840.1.113883.5.88.           This value set includes, by reference, role codes from external code systems: NUCC Health Care Provider Taxonomy OID: 2.16.840.1.113883.6.101;          North American Industry Classification System [NAICS]OID: 2.16.840.1.113883.6.85; IndustryClassificationSystem 2.16.840.1.113883.1.11.16039;          and US Census Occupation Code OID: 2.16.840.1.113883.6.243 for relevant recipient or custodian codes not included in this value set.            If no source is indicated in the definition comments, then these are example FHIR codes.","StructureDefinition/inera-ehds-audit-event","THO (V3),THO,DICOM"
http://hl7.org/fhir/ValueSet/patient-contactrelationship,4.0.1,active,"2.16.840.1.113883.4.642.3.1130",PatientContactRelationship,Patient Contact Relationship ,"The nature of the relationship between the patient and the contact person.","StructureDefinition/inera-ehds-patient","THO (V2)"
http://hl7.org/fhir/ValueSet/performer-role,4.0.1,draft,"2.16.840.1.113883.4.642.3.433",ProcedurePerformerRoleCodes,Procedure Performer Role Codes,"This example value set defines the set of codes that can be used to indicate a role of a procedure performer.","StructureDefinition/inera-ehds-task","SCT"
http://hl7.org/fhir/ValueSet/procedure-code,4.0.1,draft,"2.16.840.1.113883.4.642.3.427",ProcedureCodes(SNOMEDCT),Procedure Codes (SNOMED CT),"Procedure Code: All SNOMED CT procedure codes.","StructureDefinition/inera-ehds-service-request-referral,StructureDefinition/inera-ehds-care-plan","SCT"
http://hl7.org/fhir/ValueSet/procedure-reason,4.0.1,draft,"2.16.840.1.113883.4.642.3.432",ProcedureReasonCodes,Procedure Reason Codes,"This example value set defines the set of codes that can be used to indicate a reason for a procedure.","StructureDefinition/inera-ehds-service-request-referral,StructureDefinition/inera-ehds-imaging-study","SCT"
http://hl7.org/fhir/ValueSet/provenance-activity-type,4.0.1,draft,"2.16.840.1.113883.4.642.3.438",ProvenanceActivityType,Provenance activity type,"This value set contains representative Activity Type codes, which includes codes from the HL7 DocumentCompletion, ActStatus, and DataOperations code system, W3C PROV-DM and PROV-N concepts and display names, several HL7 Lifecycle Event codes for which there are agreed upon definitions, and non-duplicated codes from the HL7 Security and Privacy Ontology Operations codes.","StructureDefinition/inera-ehds-provenance","THO (V3)"
http://hl7.org/fhir/ValueSet/provenance-agent-type,4.0.1,draft,"2.16.840.1.113883.4.642.3.1003",ProvenanceParticipantType,Provenance participant type,"The type of participation a provenance participant.","StructureDefinition/inera-ehds-provenance","THO"
http://hl7.org/fhir/ValueSet/provenance-entity-role,4.0.1,draft,"2.16.840.1.113883.4.642.3.436",ProvenanceEntityRole,ProvenanceEntityRole,"How an entity was used in an activity.","StructureDefinition/inera-ehds-provenance","hl7.fhir.r4.core"
http://hl7.org/fhir/ValueSet/quantity-comparator,4.0.1,active,"2.16.840.1.113883.4.642.3.59",QuantityComparator,QuantityComparator,"How the Quantity should be understood and represented.","StructureDefinition/inera-ehds-observation-growth","hl7.fhir.r4.core"
http://hl7.org/fhir/ValueSet/reaction-event-severity,4.0.1,draft,"2.16.840.1.113883.4.642.3.135",AllergyIntoleranceSeverity,AllergyIntoleranceSeverity,"Clinical assessment of the severity of a reaction event as a whole, potentially considering multiple different manifestations.","StructureDefinition/inera-ehds-allergy-intolerance","hl7.fhir.r4.core"
http://hl7.org/fhir/ValueSet/reason-medication-status-codes,4.0.1,draft,"2.16.840.1.113883.4.642.3.369",SNOMEDCTDrugTherapyStatusCodes,SNOMED CT Drug Therapy Status codes ,"This value set includes some taken and not taken reason codes from SNOMED CT - provided as an exemplar","StructureDefinition/inera-ehds-medication-statement","SCT"
http://hl7.org/fhir/ValueSet/referencerange-appliesto,4.0.1,draft,"2.16.840.1.113883.4.642.3.407",ObservationReferenceRangeAppliesToCodes,Observation Reference Range Applies To Codes,"This value set defines a set of codes that can be used to indicate the particular target population the reference range applies to.","StructureDefinition/inera-ehds-observation-lab,StructureDefinition/inera-ehds-observation-growth,StructureDefinition/inera-ehds-observation-maternity,StructureDefinition/inera-ehds-observation-base","SCT"
http://hl7.org/fhir/ValueSet/referencerange-meaning,4.0.1,draft,"2.16.840.1.113883.4.642.3.397",ObservationReferenceRangeMeaningCodes,Observation Reference Range Meaning Codes,"This value set defines a set of codes that can be used to indicate the meaning/use of a reference range for a particular target population.","StructureDefinition/inera-ehds-observation-lab,StructureDefinition/inera-ehds-observation-growth,StructureDefinition/inera-ehds-observation-maternity,StructureDefinition/inera-ehds-observation-base","THO"
http://hl7.org/fhir/ValueSet/report-codes,4.0.1,draft,"2.16.840.1.113883.4.642.3.233",LOINCDiagnosticReportCodes,LOINC Diagnostic Report Codes,"This value set includes LOINC codes that relate to Diagnostic Observations.","StructureDefinition/inera-ehds-diagnostic-report-referral,StructureDefinition/inera-ehds-diagnostic-report-imaging,StructureDefinition/inera-ehds-diagnostic-report-lab","LOINC"
http://hl7.org/fhir/ValueSet/request-intent,4.0.1,draft,"2.16.840.1.113883.4.642.3.113",RequestIntent,RequestIntent,"Codes indicating the degree of authority/intentionality associated with a request.","StructureDefinition/inera-ehds-service-request-referral","hl7.fhir.r4.core"
http://hl7.org/fhir/ValueSet/request-priority,4.0.1,draft,"2.16.840.1.113883.4.642.3.115",RequestPriority,Request priority,"The clinical priority of a diagnostic order.","StructureDefinition/inera-ehds-task,StructureDefinition/inera-ehds-service-request-referral","hl7.fhir.r4.core"
http://hl7.org/fhir/ValueSet/request-status,4.0.1,draft,"2.16.840.1.113883.4.642.3.111",RequestStatus,RequestStatus,"Codes identifying the lifecycle stage of a request.","StructureDefinition/inera-ehds-service-request-referral,StructureDefinition/inera-ehds-care-plan","hl7.fhir.r4.core"
http://hl7.org/fhir/ValueSet/resource-types,4.0.1,active,"2.16.840.1.113883.4.642.3.27",ResourceType,ResourceType,"One of the resource types defined as part of this version of FHIR.","StructureDefinition/inera-ehds-observation-lab,StructureDefinition/inera-ehds-observation-growth,StructureDefinition/inera-ehds-medication-statement,StructureDefinition/inera-ehds-condition-functional,StructureDefinition/inera-ehds-encounter,StructureDefinition/inera-ehds-observation-maternity,StructureDefinition/inera-ehds-observation-base,StructureDefinition/inera-ehds-immunization,StructureDefinition/inera-ehds-imaging-study,StructureDefinition/inera-ehds-allergy-intolerance,StructureDefinition/inera-ehds-condition-diagnosis","hl7.fhir.r4.core"
http://hl7.org/fhir/ValueSet/route-codes,4.0.1,draft,"2.16.840.1.113883.4.642.3.98",SNOMEDCTRouteCodes,SNOMED CT Route Codes,"This value set includes all Route codes from SNOMED CT - provided as an exemplar.","StructureDefinition/inera-ehds-medication-statement,StructureDefinition/inera-ehds-immunization,StructureDefinition/inera-ehds-allergy-intolerance","SCT"
http://hl7.org/fhir/ValueSet/security-labels,4.0.1,active,"2.16.840.1.113883.4.642.3.47",All Security Labels,SecurityLabels,"A single value set for all security labels defined by FHIR.","StructureDefinition/inera-ehds-audit-event,StructureDefinition/inera-ehds-medication-statement,StructureDefinition/inera-ehds-encounter,StructureDefinition/inera-ehds-observation-maternity,StructureDefinition/inera-ehds-task,StructureDefinition/inera-ehds-flag,StructureDefinition/inera-ehds-immunization,StructureDefinition/inera-ehds-care-plan,StructureDefinition/inera-ehds-diagnostic-report-lab,StructureDefinition/inera-ehds-condition-diagnosis,StructureDefinition/inera-ehds-observation-growth,StructureDefinition/inera-ehds-document-reference,StructureDefinition/inera-ehds-condition-functional,StructureDefinition/inera-ehds-diagnostic-report-referral,StructureDefinition/inera-ehds-diagnostic-report-imaging,StructureDefinition/inera-ehds-service-request-referral,StructureDefinition/inera-ehds-observation-base,StructureDefinition/inera-ehds-imaging-study,StructureDefinition/inera-ehds-allergy-intolerance",
http://hl7.org/fhir/ValueSet/security-role-type,4.0.1,draft,"2.16.840.1.113883.4.642.3.978",SecurityRoleType,SecurityRoleType,"This example FHIR value set is comprised of example Actor Type codes, which can be used to value FHIR agents, actors, and other role         elements such as those specified in financial transactions. The FHIR Actor value set is based on    DICOM Audit Message, C402;   ASTM Standard, E1762-95 [2013]; selected codes and          derived actor roles from HL7 RoleClass OID 2.16.840.1.113883.5.110;    HL7 Role Code 2.16.840.1.113883.5.111, including AgentRoleType;          HL7 ParticipationType OID: 2.16.840.1.113883.5.90; and    HL7 ParticipationFunction codes OID: 2.16.840.1.113883.5.88.           This value set includes, by reference, role codes from external code systems: NUCC Health Care Provider Taxonomy OID: 2.16.840.1.113883.6.101;          North American Industry Classification System [NAICS]OID: 2.16.840.1.113883.6.85; IndustryClassificationSystem 2.16.840.1.113883.1.11.16039;          and US Census Occupation Code OID: 2.16.840.1.113883.6.243 for relevant recipient or custodian codes not included in this value set.            If no source is indicated in the definition comments, then these are example FHIR codes.          It can be extended with appropriate roles described by SNOMED as well as those described in the HL7 Role Based Access Control Catalog and the          HL7 Healthcare (Security and Privacy) Access Control Catalog.            In Role-Based Access Control (RBAC), permissions are operations on an object that a user wishes to access. Permissions are grouped into roles.          A role characterizes the functions a user is allowed to perform. Roles are assigned to users. If the user's role has the appropriate permissions          to access an object, then that user is granted access to the object. FHIR readily enables RBAC, as FHIR Resources are object types and the CRUDE          events (the FHIR equivalent to permissions in the RBAC scheme) are operations on those objects.          In Attribute-Based Access Control (ABAC), a user requests to perform operations on objects. That user's access request is granted or denied          based on a set of access control policies that are specified in terms of attributes and conditions. FHIR readily enables ABAC, as instances of          a Resource in FHIR (again, Resources are object types) can have attributes associated with them. These attributes include security tags,          environment conditions, and a host of user and object characteristics, which are the same attributes as those used in ABAC. Attributes help          define the access control policies that determine the operations a user may perform on a Resource (in FHIR) or object (in ABAC). For example,          a tag (or attribute) may specify that the identified Resource (object) is not to be further disclosed without explicit consent from the patient.","StructureDefinition/inera-ehds-audit-event,StructureDefinition/inera-ehds-provenance","THO (V3),THO,DICOM"
http://hl7.org/fhir/ValueSet/series-performer-function,4.0.1,draft,"2.16.840.1.113883.4.642.3.989",ImagingStudySeriesPerformerFunction,ImagingStudy series performer function,"Performer function of an agent in an imaging study series","StructureDefinition/inera-ehds-imaging-study","THO (V3)"
http://hl7.org/fhir/ValueSet/service-type,4.0.1,draft,"2.16.840.1.113883.4.642.3.518",ServiceType,Service type,"This value set defines an example set of codes of service-types.","StructureDefinition/inera-ehds-encounter","THO"
http://hl7.org/fhir/ValueSet/servicerequest-category,4.0.1,draft,"2.16.840.1.113883.4.642.3.434",ServiceRequestCategoryCodes,Service Request Category Codes,"An example value set of SNOMED CT concepts that can classify a requested service","StructureDefinition/inera-ehds-service-request-referral","SCT"
http://hl7.org/fhir/ValueSet/servicerequest-orderdetail,4.0.1,draft,"2.16.840.1.113883.4.642.3.435",ServiceRequestOrderDetailsCodes,Service Request Order Details Codes,"An example value set of Codified order entry details concepts.  These concepts only make sense in the context of what is being ordered.  This example is for a patient ventilation order","StructureDefinition/inera-ehds-service-request-referral","SCT"
http://hl7.org/fhir/ValueSet/substance-code,4.0.1,draft,"2.16.840.1.113883.4.642.3.473",SubstanceCode,Substance Code,"This value set contains concept codes for specific substances. It includes codes from [SNOMED](http://snomed.info/sct) where concept is-a 105590001 (Substance (substance)) and where concept is-a 373873005 (Pharmaceutical / biologic product (product))","StructureDefinition/inera-ehds-allergy-intolerance","SCT"
http://hl7.org/fhir/ValueSet/task-code,4.0.1,active,"2.16.840.1.113883.4.642.3.1396",TaskCode,Task Codes,"Codes indicating the type of action that is expected to be performed","StructureDefinition/inera-ehds-task","hl7.fhir.r4.core"
http://hl7.org/fhir/ValueSet/task-intent,4.0.1,draft,"2.16.840.1.113883.4.642.3.1240",TaskIntent,TaskIntent,"Distinguishes whether the task is a proposal, plan or full order.","StructureDefinition/inera-ehds-task","hl7.fhir.r4.core"
http://hl7.org/fhir/ValueSet/task-status,4.0.1,draft,"2.16.840.1.113883.4.642.3.790",TaskStatus,TaskStatus,"The current status of the task.","StructureDefinition/inera-ehds-task","hl7.fhir.r4.core"
http://hl7.org/fhir/ValueSet/udi-entry-type,4.0.1,draft,"2.16.840.1.113883.4.642.3.211",UDIEntryType,UDIEntryType,"Codes to identify how UDI data was entered.","StructureDefinition/inera-ehds-device","hl7.fhir.r4.core"
http://hl7.org/fhir/uv/ips/ValueSet/allergies-intolerances-uv-ips,2.0.0,active,,AllergiesIntolerancesUvIps,Allergies & Intolerances - IPS,"IPS allergy and intolerance codes value set. This value set includes codes from SNOMED CT®: all descendants of 373873005 \|Pharmaceutical / biologic product (product)\|; all descendants of 105590001 \|Substance (substance)\|; all descendants of 420134006 \|Propensity to adverse reaction (finding)\|; all descendants or self of 716186003 \|No known allergy (situation)\|  SNOMED CT® ECL definition:\ < 373873005 \|Pharmaceutical / biologic product (product)\| OR < 105590001 \|Substance (substance)\| OR < 420134006 \|Propensity to adverse reaction (finding)\| OR \<\< 716186003 \|No known allergy (situation)\|","StructureDefinition/inera-ehds-allergy-intolerance","SCT"
http://hl7.org/fhir/uv/ips/ValueSet/allergy-reaction-uv-ips,2.0.0,active,,AllergyReactionUvIps,Allergy Reaction - IPS,"IPS allergy reaction value set. This value set includes a set of SNOMED CT codes  and descendants (all top level codes are included in the SNOMED CT IPS Terminology) that may be used to represent allergy or intolerance reactions.  SNOMED CT® ECL definition:\ \<\< 4386001 |Bronchospasm (finding)| OR \<\< 9826008 |Conjunctivitis (disorder)| OR \<\< 23924001 |Tight chest (finding)| OR \<\< 24079001 |Atopic dermatitis (disorder)| OR \<\< 31996006 |Vasculitis (disorder)| OR \<\< 39579001 |Anaphylaxis (disorder)| OR \<\< 41291007 |Angioedema (disorder)| OR \<\< 43116000 |Eczema (disorder)| OR \<\< 49727002 |Cough (finding)| OR \<\< 51599000 |Edema of larynx (disorder)| OR \<\< 62315008 |Diarrhea (finding)| OR \<\< 70076002 |Rhinitis (disorder)| OR \<\< 73442001 |Stevens-Johnson syndrome (disorder)| OR \<\< 76067001 |Sneezing (finding)| OR \<\< 91175000 |Seizure (finding)| OR \<\< 126485001 |Urticaria (disorder)| OR \<\< 162290004 |Dry eyes (finding)| OR \<\< 195967001 |Asthma (disorder)| OR \<\< 247472004 |Weal (disorder)| OR \<\< 267036007 |Dyspnea (finding)| OR \<\< 271757001 |Papular eruption (disorder)| OR \<\< 271759003 |Bullous eruption (disorder)| OR \<\< 271807003 |Eruption of skin (disorder)| OR \<\< 410430005 |Cardiorespiratory arrest (disorder)| OR \<\< 418363000 |Itching of skin (finding)| OR \<\< 422400008 |Vomiting (disorder)| OR \<\< 422587007 |Nausea (finding)| OR \<\< 698247007 |Cardiac arrhythmia (disorder)| OR \<\< 702809001 |Drug reaction with eosinophilia and systemic symptoms (disorder)| OR \<\< 768962006 |Lyell syndrome (disorder)| OR \<\< 781682005 |Hyperemia of eye (finding)|","StructureDefinition/inera-ehds-allergy-intolerance","SCT"
http://hl7.org/fhir/uv/ips/ValueSet/imaging-study-status-uv-ips,2.0.0,active,,ImagingStudyStatusUvIps,Imaging Study Status Codes - IPS,"IPS Imaging Study status codes allowable for results. section  This value set includes all imaging study status codes except \""entered-in-error\"" from http://hl7.org/fhir/imagingstudy-status.","StructureDefinition/inera-ehds-imaging-study","hl7.fhir.r4.core"
http://hl7.org/fhir/uv/ips/ValueSet/medication-uv-ips,2.0.0,active,,MedicationsUvIps,Medications - IPS,"IPS Medication codes value set.  This value set includes codes from SNOMED CT®: all descendants of 763158003 \|Medicinal product (product)\|; excluding the descendants or self of 787859002 \|Vaccine product (medicinal product)\|; including all descendants or self of 787481004 \|No known medications (situation)\|  SNOMED CT® ECL definition:\ (< 763158003 \|Medicinal product (product)\| MINUS \<\< 787859002 \|Vaccine product (medicinal product)\|) OR \<\< 787481004 \|No known medications (situation)\|","StructureDefinition/inera-ehds-medication-statement","SCT"
http://hl7.org/fhir/uv/ips/ValueSet/medicine-route-of-administration,2.0.0,active,,MedicineRouteOfAdministrationUvIps,Medicine EDQM Route of Administration - IPS,"While SNOMED remains a preferred binding for medicine route, EDQM (European Directorate for the Quality of Medicines and Healthcare) route of administration codes are allowed as additional binding.   EDQM (European Directorate for the Quality of Medicines and Healthcare) Route of Administration codes.  This Value Set includes all the EDQM Standard Terms having:   [Concept Status] = ‘C’ AND   [Concept Class] = 'ROA' AND   [Domain] = 'H+V'    C = 'Current'; ROA = 'Route of administration'; H+V = 'Human and Veterinary'","StructureDefinition/inera-ehds-medication-statement,StructureDefinition/inera-ehds-immunization","Other"
http://hl7.org/fhir/uv/ips/ValueSet/problem-type-loinc,2.0.0,active,,ProblemTypeLoinc,Problem Type (LOINC),"This value set indicates the level of medical judgment used to determine the existence of a problem.","StructureDefinition/inera-ehds-condition-functional,StructureDefinition/inera-ehds-condition-diagnosis","LOINC"
http://hl7.org/fhir/uv/ips/ValueSet/problem-type-uv-ips,2.0.0,active,,ProblemTypeUvIps,Problem Type - IPS,"This value set provides a category for the condition as a clinical problem for inclusion in the patient summary.","StructureDefinition/inera-ehds-condition-functional,StructureDefinition/inera-ehds-condition-diagnosis","THO"
http://hl7.org/fhir/uv/ips/ValueSet/problems-uv-ips,2.0.0,active,,ProblemsUvIps,Problems - IPS,"IPS Problem (Condition) codes value set.  This value set includes codes from SNOMED CT®: all descendants of 404684003 \|Clinical finding (finding)\|; all descendants of 243796009 \|Situation with explicit context (situation)\|; all descendants of 272379006 \|Event (event)\|; all descendants or self of 160245001 \|No current problems or disability (situation)\|.  The descendants of 71388002 \|Procedure (procedure)\| (which were included in the CORE problem list) are not included, as they are expected to be represented separately in the History of Procedures Section.  SNOMED CT® ECL definition:\ < 404684003 \|Clinical finding (finding)\| OR < 243796009 \|Situation with explicit context (situation)\| OR < 272379006 \|Event (event)\| OR \<\< 160245001 \|No current problems or disability (situation)\|","StructureDefinition/inera-ehds-condition-functional,StructureDefinition/inera-ehds-condition-diagnosis","SCT"
http://hl7.org/fhir/uv/ips/ValueSet/results-blood-group-snomed-ct-ips-free-set,1.1.0,active,,ResultsBloodGroupSnomedCtIpsFreeSet,Results Blood Group - SNOMED CT IPS Free Set,"This value set includes the codes for blood group findings from the SNOMED International Patient Set (IPS) subset of SNOMED CT (IPS Free Set).","StructureDefinition/inera-ehds-observation-lab","SCT"
http://hl7.org/fhir/uv/ips/ValueSet/results-coded-values-laboratory-uv-ips,1.1.0,active,,ResultsCodedValuesLaboratoryUvIps,Results Coded Values Laboratory - IPS,"This value set is defined as the union of: (a) Blood group [Type]; (b) Presence/Absence Indicators (2.16.840.1.113883.11.22.52) (c) Microorganisms (2.16.840.1.113883.11.22.49)","StructureDefinition/inera-ehds-observation-lab",
http://hl7.org/fhir/uv/ips/ValueSet/results-laboratory-observations-uv-ips,1.1.0,active,,ResultsLaboratoryObservationUvIps,Results Laboratory Observation - IPS,"Value Set Definition: LOINC {STATUS in {ACTIVE}, CLASSTYPE in {1}, CLASS exclude {CHALSKIN, H&P.HX.LAB, LABORDERS, NR STATS, PATH, PATH.\*, MOLPATH, MOLPATH.\*, CYTO, HL7.CYTOGEN, HL7.GENETICS}}","StructureDefinition/inera-ehds-observation-lab","LOINC"
http://hl7.org/fhir/uv/ips/ValueSet/results-microorganism-snomed-ct-ips-free-set,1.1.0,active,,ResultsMicroorganismSnomedCtIpsFreeSet,Results Microorganism - SNOMED CT IPS Free Set,"This value set includes the codes for microorganisms from the SNOMED International Patient Set (IPS) subset of SNOMED CT (IPS Free Set).","StructureDefinition/inera-ehds-observation-lab","SCT"
http://hl7.org/fhir/uv/ips/ValueSet/results-presence-absence-snomed-ct-ips-free-set,1.1.0,active,,ResultsPresenceAbsenceSnomedCtIpsFreeSet,Results Presence Absence - SNOMED CT IPS Free Set,"This value set includes the codes for presence and absence findings (qualifier values) from the SNOMED International Patient Set (IPS) subset of SNOMED CT (IPS Free Set).","StructureDefinition/inera-ehds-observation-lab","SCT"
http://hl7.org/fhir/uv/ips/ValueSet/results-radiology-observations-uv-ips,2.0.0,active,,ResultsRadiologyObservationUvIps,Results Radiology Observation - IPS,"Value Set Definition:  LOINC {STATUS in {ACTIVE}, CLASS in LP29684-5 (\""RAD\"")}","StructureDefinition/inera-ehds-imaging-study","LOINC"
http://hl7.org/fhir/uv/ips/ValueSet/target-diseases-uv-ips,2.0.0,active,,VaccineTargetDiseasesUvIps,Vaccine Target Diseases - IPS,"IPS Vaccine target disease codes value set.  This value set includes codes from SNOMED CT that represent specific vaccine target diseases (descendant concepts, if they exist, are not included).  SNOMED CT® ECL definition:\ 4834000 \|Typhoid fever (disorder)\| OR 6142004 \|Influenza (disorder)\| OR 16541001 \|Yellow fever (disorder)\| OR 14189004 \|Measles (disorder)\| OR 14168008 \|Rabies (disorder)\| OR 18624000 \|Disease caused by Rotavirus (disorder)\| OR 23502006 \|Lyme disease (disorder)\| OR 23511006 \|Meningococcal infectious disease (disorder)\| OR 24662006 \|Influenza caused by Influenza B virus (disorder)\| OR 25225006 \|Disease caused by Adenovirus (disorder)\| OR 27836007 \|Pertussis (disorder)\| OR 32398004 \|Bronchitis (disorder)\| OR 36653000 \|Rubella (disorder)\| OR 36989005 \|Mumps (disorder)\| OR 37246009 \|Disease caused by rickettsiae (disorder)\| OR 38907003 \|Varicella (disorder)\| OR 40468003 \|Viral hepatitis, type A (disorder)\| OR 50711007 \|Viral hepatitis type C (disorder)\| OR 52947006 \|Japanese encephalitis virus disease (disorder)\| OR 56717001 \|Tuberculosis (disorder)\| OR 58750007 \|Plague (disorder)\| OR 63650001 \|Cholera (disorder)\| OR 66071002 \|Viral hepatitis type B (disorder)\| OR 67924001 \|Smallpox (disorder)\| OR 70036007 \|Haemophilus influenzae pneumonia (disorder)\| OR 75702008 \|Brucellosis (disorder)\| OR 76902006 \|Tetanus (disorder)\| OR 85904008 \|Paratyphoid fever (disorder)\| OR 111852003 \|Vaccinia (disorder)\| OR 186150001 \|Enteritis caused by rotavirus (disorder)\| OR 186772009 \|Rocky Mountain spotted fever (disorder)\| OR 186788009 \|Q fever (disorder)\| OR 240532009 \|Human papillomavirus infection (disorder)\| OR 240613006 \|Typhus group rickettsial disease (disorder)\| OR 372244006 \|Malignant melanoma (disorder)\| OR 397430003 \|Diphtheria caused by Corynebacterium diphtheriae (disorder)\| OR 398102009 \|Acute poliomyelitis (disorder)\| OR 398565003 \|Infection caused by Clostridium botulinum (disorder)\| OR 409498004 \|Anthrax (disorder)\| OR 417093003 \|Disease caused by West Nile virus (disorder)\| OR 442438000 \|Influenza caused by Influenza A virus (disorder)\| OR 442696006 \|Influenza caused by Influenza A virus subtype H1N1 (disorder)\| OR 450715004 \|Influenza caused by Influenza A virus subtype H7 (disorder)\| OR 707448003 \|Influenza caused by Influenza A virus subtype H7N9 (disorder)\| OR 709410003 \|Haemophilus influenzae type b infection (disorder)\| OR 712986001 \|Encephalitis caused by tick-borne encephalitis virus (disorder)\| OR 713083002 \|Influenza caused by Influenza A virus subtype H5 (disorder)\| OR 772810003 \|Influenza caused by Influenza A virus subtype H3N2 (disorder)\| OR 772828001 \|Influenza caused by Influenza A virus subtype H5N1 (disorder)\| OR 840539006 \|Disease caused by severe acute respiratory syndrome coronavirus 2 (disorder)\|","StructureDefinition/inera-ehds-immunization","SCT"
http://hl7.org/fhir/uv/ips/ValueSet/vaccines-uv-ips,2.0.0,active,,VaccinesUvIps,Vaccines - IPS,"IPS Vaccine codes value set.  This value set includes codes from SNOMED CT®: all descendants of 787859002 \|Vaccine product (product)\|; all descendants or self of 787482006 \|No known immunizations (situation)\|  SNOMED CT® ECL definition:\ < 787859002 \|Vaccine product (product)\| OR \<\< 787482006 \|No known immunizations (situation)\|","StructureDefinition/inera-ehds-immunization","SCT"
http://hl7.org/fhir/uv/ips/ValueSet/vaccines-whoatc-uv-ips,2.0.0,active,,VaccinesWhoAtcUvIps,Vaccines WHO ATC - IPS,"IPS Vaccine codes value set.  This value set includes codes from the World Health Organization Anatomical Therapeutic Chemical (ATC) classification system: all descendants of J07 ""VACCINES""","StructureDefinition/inera-ehds-immunization","hl7.terminology.r4"
http://hl7.org/fhir/uv/ips/ValueSet/whoatc-uv-ips,2.0.0,active,,WhoAtcUvIps,WHO ATC - IPS,"World Health Organization Anatomical Therapeutic Chemical (ATC) classification system.","StructureDefinition/inera-ehds-allergy-intolerance","hl7.terminology.r4"
http://terminology.hl7.org/ValueSet/v2-0092,3.0.0,active,"2.16.840.1.113883.21.40",Hl7VSReAdmissionIndicator,hl7VS-re-admissionIndicator,"Value Set of codes which are used to specify that a patient is being re-admitted to a healthcare facility from which they were discharged, and indicates the circumstances around such re-admission.","StructureDefinition/inera-ehds-encounter","THO (V2)"
http://terminology.hl7.org/ValueSet/v3-ActCode,3.0.0,active,,ActCode,v3 Code System ActCode,"A code specifying the particular kind of Act that the Act-instance represents within its class.  Constraints:  The kind of Act (e.g. physical examination, serum potassium, inpatient encounter, charge financial transaction, etc.) is specified with a code from one of several, typically external, coding systems.  The coding system will depend on the class of Act, such as LOINC for observations, etc. Conceptually, the Act.code must be a specialization of the Act.classCode. This is why the structure of ActClass domain should be reflected in the superstructure of the ActCode domain and then individual codes or externally referenced vocabularies subordinated under these domains that reflect the ActClass structure. Act.classCode and Act.code are not modifiers of each other but the Act.code concept should really imply the Act.classCode concept. For a negative example, it is not appropriate to use an Act.code ""potassium"" together with and Act.classCode for ""laboratory observation"" to somehow mean ""potassium laboratory observation"" and then use the same Act.code for ""potassium"" together with Act.classCode for ""medication"" to mean ""substitution of potassium"". This mutually modifying use of Act.code and Act.classCode is not permitted.","StructureDefinition/inera-ehds-document-reference","THO (V3)"
http://terminology.hl7.org/ValueSet/v3-ActEncounterCode,3.0.0,active,"2.16.840.1.113883.1.11.13955",ActEncounterCode,ActEncounterCode,"Domain provides codes that qualify the ActEncounterClass (ENC)","StructureDefinition/inera-ehds-encounter","THO (V3)"
http://terminology.hl7.org/ValueSet/v3-ActPriority,3.0.0,active,"2.16.840.1.113883.1.11.16866",ActPriority,ActPriority,"A code or set of codes (e.g., for routine, emergency,) specifying the urgency under which the Act happened, can happen, is happening, is intended to happen, or is requested/demanded to happen.    *Discussion:* This attribute is used in orders to indicate the ordered priority, and in event documentation it indicates the actual priority used to perform the act. In definition mood it indicates the available priorities.","StructureDefinition/inera-ehds-encounter","THO (V3)"
http://terminology.hl7.org/ValueSet/v3-PurposeOfUse,3.1.0,active,"2.16.840.1.113883.1.11.20448",PurposeOfUse,PurposeOfUse,"Supports communication of purpose of use at a general level.","StructureDefinition/inera-ehds-audit-event,StructureDefinition/inera-ehds-provenance","THO (V3)"
http://terminology.hl7.org/ValueSet/v3-ServiceDeliveryLocationRoleType,3.0.0,active,"2.16.840.1.113883.1.11.17660",ServiceDeliveryLocationRoleType,ServiceDeliveryLocationRoleType,"A role of a place that further classifies the setting (e.g., accident site, road side, work site, community location) in which services are delivered.","StructureDefinition/inera-ehds-service-request-referral","THO (V3)"
https://fhir.inera.se/ig/ehds-tk/ValueSet/assessmentcategory-vs,0.1.0,active,,AssessmentCategoryVS,AssessmentCategory — ValueSet,"Tillåtna värden för fältet assessmentCategory i GetFunctionalStatus.","StructureDefinition/inera-ehds-lm-functional-status","Internal"
https://fhir.inera.se/ig/ehds-tk/ValueSet/clinicaldocumentnotecode-vs,0.1.0,active,,ClinicalDocumentNoteCodeVS,KV Anteckningstyp — ValueSet,"Tillåtna värden för fältet clinicalDocumentNoteCode i GetCareDocumentation enligt KV Anteckningstyp (OID: 1.2.752.129.2.2.2.11).","StructureDefinition/inera-ehds-lm-care-documentation","Internal"
https://fhir.inera.se/ig/ehds-tk/ValueSet/deliverycode-vs,0.1.0,active,,DeliveryCodeVS,DeliveryCode — ValueSet,"Tillåtna värden för förlossningssätt i GetMaternityMedicalHistory.",,"Internal"
https://fhir.inera.se/ig/ehds-tk/ValueSet/diagnosistype-vs,0.1.0,active,,DiagnosisTypeVS,DiagnosisType — ValueSet,"Tillåtna värden för fältet typeOfDiagnosis i GetDiagnosis.","StructureDefinition/inera-ehds-lm-diagnosis","Internal"
https://fhir.inera.se/ig/ehds-tk/ValueSet/errorcode-vs,0.1.0,active,,ErrorCodeVS,ErrorCode — ValueSet,"Tillåtna värden för errorCode i svar.","StructureDefinition/inera-ehds-lm-vaccination-history,StructureDefinition/inera-ehds-lm-medication-history","Internal"
https://fhir.inera.se/ig/ehds-tk/ValueSet/examinationstatuscode-vs,0.1.0,active,,ExaminationStatusCodeVS,ExaminationStatusCode — ValueSet,"Tillåtna värden för examinationStatus i GetImagingOutcome.",,"Internal"
https://fhir.inera.se/ig/ehds-tk/ValueSet/fetalpositioncode-vs,0.1.0,active,,FetalPositionCodeVS,FetalPositionCode — ValueSet,"Tillåtna värden för fosterläge i GetMaternityMedicalHistory.",,"Internal"
https://fhir.inera.se/ig/ehds-tk/ValueSet/growth-observation-type-vs,0.1.0,draft,,GrowthObservationTypeVS,Tillväxtkurva – observationstyper (IoÖ Tillväxtkurva v3),"SNOMED CT-koder för tillväxtmätningar enligt Interaktionsöverenskommelse Tillväxtkurva för barn och ungdom v3 (Inera, 2023-05-15).  Alla koder från kodsystemet SNOMED CT SE (OID 1.2.752.116.2.1.1).  Koder: - 1153637007 | Kroppslängd | (primärkod för längd) - 50373000   | Mått på kroppslängd | (alternativkod för längd) - 248334005  | Längd i liggande | (bakåtkompatibel – ej för nyanslutning) - 27113001   | Kroppsvikt | - 363812007  | Huvudomfång | - 412726003  | Graviditetslängd vid födelse |","StructureDefinition/inera-ehds-observation-growth","SCT"
https://fhir.inera.se/ig/ehds-tk/ValueSet/prescriptionstatus-vs,0.1.0,active,,PrescriptionStatusVS,PrescriptionStatus — ValueSet,"Tillåtna värden för prescriptionStatus i GetMedicationHistory.","StructureDefinition/inera-ehds-lm-medication-history","Internal"
https://fhir.inera.se/ig/ehds-tk/ValueSet/referraloutcometypecode-vs,0.1.0,active,,ReferralOutcomeTypeCodeVS,ReferralOutcomeTypeCode — ValueSet,"Tillåtna värden för referralOutcomeTypeCode i GetReferralOutcome.",,"Internal"
https://fhir.inera.se/ig/ehds-tk/ValueSet/resultcode-vs,0.1.0,active,,ResultCodeVS,ResultCode — ValueSet,"Tillåtna värden för resultCode i svar.","StructureDefinition/inera-ehds-lm-vaccination-history,StructureDefinition/inera-ehds-lm-medication-history","Internal"
https://fhir.inera.se/ig/ehds-tk/ValueSet/se-observation-status-vs,0.1.0,active,,SEObservationStatusVS,SE Observation Status (SNOMED CT urval 56431000052106),"Tillåtna statusvärden för GetObservations observationStatus. Urvals-id 56431000052106, SNOMED CT SE (OID 1.2.752.116.2.1.1). Mappning till FHIR ObservationStatus via ConceptMap observation-status-map.","StructureDefinition/inera-ehds-lm-observations,StructureDefinition/inera-ehds-observation-growth,StructureDefinition/inera-ehds-observation-base","SCT"
https://fhir.inera.se/ig/ehds-tk/ValueSet/sexcode-vs,0.1.0,active,,SexCodeVS,SexCode — ValueSet,"Tillåtna värden för kön i GetMaternityMedicalHistory.",,"Internal"
https://fhir.inera.se/ig/ehds-tk/ValueSet/typeofcareplan-vs,0.1.0,active,,TypeOfCarePlanVS,TypeOfCarePlan — ValueSet,"Tillåtna värden för typeOfCarePlan i GetCarePlans enligt clinicalprocess:logistics:logistics.","StructureDefinition/inera-ehds-lm-care-plans,StructureDefinition/inera-ehds-care-plan","Internal"
https://fhir.inera.se/ig/ehds-tk/ValueSet/typeofleavecode-vs,0.1.0,active,,TypeOfLeaveCodeVS,TypeOfLeaveCode — ValueSet,"Tillåtna värden för typ av ledighet i GetMaternityMedicalHistory.",,"Internal"
https://fhir.inera.se/ig/ehds-tk/ValueSet/typeofprescription-vs,0.1.0,active,,TypeOfPrescriptionVS,TypeOfPrescription — ValueSet,"Tillåtna värden för typeOfPrescription i GetMedicationHistory.","StructureDefinition/inera-ehds-lm-medication-history","Internal"
https://fhir.inera.se/ig/ehds-tk/ValueSet/typeofresultcode-vs,0.1.0,active,,TypeOfResultCodeVS,TypeOfResultCode — ValueSet,"Tillåtna värden för typeOfResult i GetImagingOutcome.",,"Internal"
